"","spei","Pop","inv.cat","exposure","pred","DSR","DSR_SE","DSR_lower","DSR_upper","ns","ns_upper","ns_lower","NS_SE","Nnests"
"1","Normal","EAST","No",1,0.0269498225530921,0.973050177446908,0.00242506511515646,0.968297049821201,0.977803305072615,0.205042410445444,0.272011366088538,0.154347394357782,0.0258648041263577,74
"2","Drought","EAST","No",1,NA,NA,NA,NA,NA,NA,NA,NA,NA,NA
"3","Wet","EAST","No",1,0.027388778812424,0.972611221187576,0.00621102982605506,0.960437602728508,0.984784839646644,0.199745956247132,0.410959044646221,0.0962079573519111,0.0528255096404191,NA
"4","Normal","EVER","No",1,0.0236887962790473,0.976311203720953,0.000839682683483151,0.974665425661326,0.97795698178058,0.248954419611428,0.274502047841187,0.225747273906753,0.0118403804615689,2140
"5","Drought","EVER","No",1,0.0142476265697588,0.985752373430241,0.00246099403694788,0.980928825117823,0.990575921742659,0.435045040344422,0.577418241297909,0.327321707789156,0.0549608839567681,NA
"6","Wet","EVER","No",1,0.016578098452828,0.983421901547172,0.00162840096475278,0.980230235656257,0.986613567438087,0.379238845138008,0.457647227711669,0.314072184392073,0.0332482962989467,222
"7","Normal","KRV","No",1,0.0336898548635178,0.966310145136482,0.00178731786412281,0.962807002122801,0.969813288150163,0.137012209773697,0.169009674111769,0.110987974080752,0.0132776712719106,156
"8","Drought","KRV","No",1,0.0228129666847503,0.97718703331525,0.00237282664205027,0.972536293096831,0.981837773533668,0.262244470503286,0.34538598444245,0.198855406521433,0.0323413591744149,18
"9","Wet","KRV","No",1,0.042134399965838,0.957865600034162,0.00651111089937336,0.94510382267139,0.970627377396934,0.0823503494085434,0.177438204797069,0.037827892516018,0.0227155392308803,3
"10","Normal","OKEE","No",1,0.0264534721955593,0.973546527804441,0.00166205141019198,0.970288907040464,0.976804148568417,0.211197759525237,0.2563508339924,0.173884889684567,0.0190371784901378,92
"11","Drought","OKEE","No",1,0.037457144063737,0.962542855936263,0.00588378780856076,0.951010631831484,0.974075080041042,0.109235638013857,0.217952123648269,0.0542939683560441,0.028031464111129,NA
"12","Wet","OKEE","No",1,0.0384084995742748,0.961591500425725,0.00298454596631018,0.955741790331757,0.967441210519693,0.103146791468064,0.146631011424097,0.0724024760886146,0.0156858751935968,47
"13","Normal","PP","No",1,0.0268557079087893,0.973144292091211,0.00231014821864518,0.968616401582666,0.977672182599755,0.206195840675901,0.269903796796441,0.157327805003577,0.0249326712613901,NA
"14","Drought","PP","No",1,0.0380234001396986,0.961976599860301,0.00678264306221842,0.948682619458353,0.975270580262249,0.105570228056274,0.234022260098214,0.0470993329052524,0.0298320893627662,NA
"15","Wet","PP","No",1,0.0272931528364162,0.972706847163584,0.0068952365583355,0.959192183509246,0.986221510817921,0.200888203319163,0.447218034966141,0.0892332270942137,0.0569668246045661,NA
"16","Normal","SJM","No",1,0.0260569807844998,0.9739430192155,0.00191072695975135,0.970197994374388,0.977688044056613,0.216244887467999,0.270157886826555,0.172942449214812,0.0220930807414217,195
"17","Drought","SJM","No",1,NA,NA,NA,NA,NA,NA,NA,NA,NA,NA
"18","Wet","SJM","No",1,0.0305619854887927,0.969438014511207,0.00553436894514675,0.95859065137872,0.980285377643695,0.165258059776939,0.315098564535567,0.0860448685836012,0.0404148934659888,29
"19","Normal","EAST","Yes",1,0.0179322568271926,0.982067743172807,0.00145785035521325,0.979210356476589,0.984925129869025,0.350109502148885,0.414368436748404,0.295670427036142,0.0277750383228281,560
"20","Drought","EAST","Yes",1,NA,NA,NA,NA,NA,NA,NA,NA,NA,NA
"21","Wet","EAST","Yes",1,0.0182257135437727,0.981774286456227,0.00405716652374689,0.973822240069683,0.989726332842771,0.344093044980695,0.549385597129387,0.214695007157248,0.0660194070527791,78
"22","Normal","EVER","Yes",1,0.0157535509898016,0.984246449010198,0.000752626749306899,0.982771300581557,0.98572159743884,0.398128880922255,0.434257958205713,0.364958092872375,0.0169238714540201,1232
"23","Drought","EVER","Yes",1,0.00945967275940085,0.990540327240599,0.00157159542284628,0.98746000021182,0.993620654269378,0.576216062789231,0.689914721382745,0.480985204017301,0.0485871728428215,252
"24","Wet","EVER","Yes",1,0.0110113636273823,0.988988636372618,0.00106781295661495,0.986895722977652,0.991081549767583,0.526132934128336,0.59476402776312,0.465300453589098,0.0310369798669581,362
"25","Normal","KRV","Yes",1,0.022443132472415,0.977556867527585,0.000614974156156621,0.976351518181518,0.978762216873652,0.26806357288942,0.287923667059706,0.249551360877548,0.00944500612850654,4292
"26","Drought","KRV","Yes",1,0.0151688242406753,0.984831175759325,0.00142130121481066,0.982045425378296,0.987616926140354,0.412082064104144,0.485438722772073,0.349648332765002,0.0318539445607865,547
"27","Wet","KRV","Yes",1,0.0281098041557311,0.971890195844269,0.00417830670913024,0.963700714694374,0.980079676994164,0.191336428965333,0.311286478243215,0.117124163359619,0.0378634008192416,129
"28","Normal","OKEE","Yes",1,0.0176004841087699,0.98239951589123,0.000769815421267463,0.980890677665546,0.983908354116914,0.35703608155635,0.390273971686208,0.32658422892091,0.0155366595078777,2305
"29","Drought","OKEE","Yes",1,0.024969079416057,0.975030920583943,0.00375814716985432,0.967664952131029,0.982396889036858,0.230710058710351,0.356980714062942,0.148610903255221,0.0418873242118007,116
"30","Wet","OKEE","Yes",1,0.0256074857132645,0.974392514286735,0.00168757060033793,0.971084875910073,0.977700152663398,0.22211017478118,0.270352016899449,0.182354731658126,0.0202833893484971,1022
"31","Normal","PP","Yes",1,0.0178693439075946,0.982130656092405,0.00127722657838345,0.979627291998774,0.984634020186037,0.351412739222275,0.407324514673598,0.303061522765297,0.024668987988254,838
"32","Drought","PP","Yes",1,0.025349039388715,0.974650960611285,0.00436214582307327,0.966101154798061,0.983200766424509,0.225553037244516,0.374324357946656,0.135304073360558,0.0460453897367134,NA
"33","Wet","PP","Yes",1,0.0181617806200485,0.981838219379952,0.00449561942330384,0.973026805310276,0.990649633449627,0.345395081139647,0.579915643761186,0.204756955477383,0.0717541457460529,5
"34","Normal","SJM","Yes",1,0.0173355005852526,0.982664499414747,0.00114621081004182,0.980417926227065,0.984911072602429,0.362664849878061,0.414025561860065,0.317579249325465,0.0230028574247934,740
"35","Drought","SJM","Yes",1,NA,NA,NA,NA,NA,NA,NA,NA,NA,NA
"36","Wet","SJM","Yes",1,0.0203484386192587,0.979651561380741,0.00365975308620368,0.972478445331782,0.9868246774297,0.3034972987651,0.46336163882097,0.198170533382114,0.0537381456035645,66
