x,Year,Region ,Year_invaded,TSI,stratum
1,1996,KRV,2005,-1,2
2,1997,KRV,2005,-1,2
3,1998,KRV,2005,-1,2
4,1999,KRV,2005,-1,2
5,2000,KRV,2005,-1,2
6,2001,KRV,2005,-1,2
7,2002,KRV,2005,-1,2
8,2003,KRV,2005,-1,2
9,2004,KRV,2005,-1,2
10,2005,KRV,2005,0,2
11,2006,KRV,2005,1,2
12,2007,KRV,2005,2,2
13,2008,KRV,2005,3,2
14,2009,KRV,2005,4,2
15,2010,KRV,2005,5,2
16,2011,KRV,2005,6,2
17,2012,KRV,2005,7,2
18,2013,KRV,2005,8,2
19,2014,KRV,2005,9,2
20,2015,KRV,2005,10,2
21,2016,KRV,2005,11,2
22,2017,KRV,2005,12,2
23,2018,KRV,2005,13,2
24,2019,KRV,2005,14,2
25,2020,KRV,2005,15,2
26,2021,KRV,2005,16,2
27,2022,KRV,2005,17,2
28,2023,KRV,2005,18,2
29,1996,OKEE,2009,-1,3
30,1997,OKEE,2009,-1,3
31,1998,OKEE,2009,-1,3
32,1999,OKEE,2009,-1,3
33,2000,OKEE,2009,-1,3
34,2001,OKEE,2009,-1,3
35,2002,OKEE,2009,-1,3
36,2003,OKEE,2009,-1,3
37,2004,OKEE,2009,-1,3
38,2005,OKEE,2009,-1,3
39,2006,OKEE,2009,-1,3
40,2007,OKEE,2009,-1,3
41,2008,OKEE,2009,-1,3
42,2009,OKEE,2009,0,3
43,2010,OKEE,2009,1,3
44,2011,OKEE,2009,2,3
45,2012,OKEE,2009,3,3
46,2013,OKEE,2009,4,3
47,2014,OKEE,2009,5,3
48,2015,OKEE,2009,6,3
49,2016,OKEE,2009,7,3
50,2017,OKEE,2009,8,3
51,2018,OKEE,2009,9,3
52,2019,OKEE,2009,10,3
53,2020,OKEE,2009,11,3
54,2021,OKEE,2009,12,3
55,2022,OKEE,2009,13,3
56,2023,OKEE,2009,14,3
57,1996,EVER,2010,-1,5
58,1997,EVER,2010,-1,5
59,1998,EVER,2010,-1,5
60,1999,EVER,2010,-1,5
61,2000,EVER,2010,-1,5
62,2001,EVER,2010,-1,5
63,2002,EVER,2010,-1,5
64,2003,EVER,2010,-1,5
65,2004,EVER,2010,-1,5
66,2005,EVER,2010,-1,5
67,2006,EVER,2010,-1,5
68,2007,EVER,2010,-1,5
69,2008,EVER,2010,-1,5
70,2009,EVER,2010,-1,5
71,2010,EVER,2010,0,5
72,2011,EVER,2010,1,5
73,2012,EVER,2010,2,5
74,2013,EVER,2010,3,5
75,2014,EVER,2010,4,5
76,2015,EVER,2010,5,5
77,2016,EVER,2010,6,5
78,2017,EVER,2010,7,5
79,2018,EVER,2010,8,5
80,2019,EVER,2010,9,5
81,2020,EVER,2010,10,5
82,2021,EVER,2010,11,5
83,2022,EVER,2010,12,5
84,2023,EVER,2010,13,5
85,1996,SJM,2015,-1,4
86,1997,SJM,2015,-1,4
87,1998,SJM,2015,-1,4
88,1999,SJM,2015,-1,4
89,2000,SJM,2015,-1,4
90,2001,SJM,2015,-1,4
91,2002,SJM,2015,-1,4
92,2003,SJM,2015,-1,4
93,2004,SJM,2015,-1,4
94,2005,SJM,2015,-1,4
95,2006,SJM,2015,-1,4
96,2007,SJM,2015,-1,4
97,2008,SJM,2015,-1,4
98,2009,SJM,2015,-1,4
99,2010,SJM,2015,-1,4
100,2011,SJM,2015,-1,4
101,2012,SJM,2015,-1,4
102,2013,SJM,2015,-1,4
103,2014,SJM,2015,-1,4
104,2015,SJM,2015,0,4
105,2016,SJM,2015,1,4
106,2017,SJM,2015,2,4
107,2018,SJM,2015,3,4
108,2019,SJM,2015,4,4
109,2020,SJM,2015,5,4
110,2021,SJM,2015,6,4
111,2022,SJM,2015,7,4
112,2023,SJM,2015,8,4
113,1996,EAST,2014,-1,6
114,1997,EAST,2014,-1,6
115,1998,EAST,2014,-1,6
116,1999,EAST,2014,-1,6
117,2000,EAST,2014,-1,6
118,2001,EAST,2014,-1,6
119,2002,EAST,2014,-1,6
120,2003,EAST,2014,-1,6
121,2004,EAST,2014,-1,6
122,2005,EAST,2014,-1,6
123,2006,EAST,2014,-1,6
124,2007,EAST,2014,-1,6
125,2008,EAST,2014,-1,6
126,2009,EAST,2014,-1,6
127,2010,EAST,2014,-1,6
128,2011,EAST,2014,-1,6
129,2012,EAST,2014,-1,6
130,2013,EAST,2014,-1,6
131,2014,EAST,2014,0,6
132,2015,EAST,2014,1,6
133,2016,EAST,2014,2,6
134,2017,EAST,2014,3,6
135,2018,EAST,2014,4,6
136,2019,EAST,2014,5,6
137,2020,EAST,2014,6,6
138,2021,EAST,2014,7,6
139,2022,EAST,2014,8,6
140,2023,EAST,2014,9,6
141,1996,PP,2018,-1,1
142,1997,PP,2018,-1,1
143,1998,PP,2018,-1,1
144,1999,PP,2018,-1,1
145,2000,PP,2018,-1,1
146,2001,PP,2018,-1,1
147,2002,PP,2018,-1,1
148,2003,PP,2018,-1,1
149,2004,PP,2018,-1,1
150,2005,PP,2018,-1,1
151,2006,PP,2018,-1,1
152,2007,PP,2018,-1,1
153,2008,PP,2018,-1,1
154,2009,PP,2018,-1,1
155,2010,PP,2018,-1,1
156,2011,PP,2018,-1,1
157,2012,PP,2018,-1,1
158,2013,PP,2018,-1,1
159,2014,PP,2018,-1,1
160,2015,PP,2018,-1,1
161,2016,PP,2018,-1,1
162,2017,PP,2018,-1,1
163,2018,PP,2018,0,1
164,2019,PP,2018,1,1
165,2020,PP,2018,2,1
166,2021,PP,2018,3,1
167,2022,PP,2018,4,1
168,2023,PP,2018,5,1
