"","Nest","Year","Pop","Fledglings","TSI","invaded"
"1",1,1996,"EVER",2,-1,0
"2",2,1996,"EVER",2,-1,0
"3",3,1996,"EVER",1,-1,0
"4",4,1996,"EVER",2,-1,0
"5",5,1996,"EVER",2,-1,0
"6",6,1996,"EVER",2,-1,0
"7",7,1996,"EVER",1,-1,0
"8",8,1996,"EVER",1,-1,0
"9",9,1996,"EVER",1,-1,0
"10",10,1996,"EVER",1,-1,0
"11",11,1996,"EVER",2,-1,0
"12",12,1996,"EVER",1,-1,0
"13",13,1996,"EVER",2,-1,0
"14",14,1996,"EVER",2,-1,0
"15",15,1996,"EVER",2,-1,0
"16",16,1996,"EVER",2,-1,0
"17",17,1996,"EVER",2,-1,0
"18",18,1996,"EVER",2,-1,0
"19",19,1996,"EVER",1,-1,0
"20",20,1996,"EVER",2,-1,0
"21",21,1996,"EVER",2,-1,0
"22",22,1996,"EVER",1,-1,0
"23",23,1996,"EVER",2,-1,0
"24",24,1996,"EVER",2,-1,0
"25",25,1996,"EVER",3,-1,0
"26",26,1996,"EVER",1,-1,0
"27",27,1996,"EVER",1,-1,0
"28",28,1996,"EVER",3,-1,0
"29",29,1996,"EVER",3,-1,0
"30",30,1996,"EVER",2,-1,0
"31",31,1996,"EVER",2,-1,0
"32",32,1996,"EVER",2,-1,0
"33",33,1996,"EVER",1,-1,0
"34",34,1996,"EVER",2,-1,0
"35",35,1996,"EVER",2,-1,0
"36",36,1996,"EVER",3,-1,0
"37",37,1996,"EVER",2,-1,0
"38",38,1996,"EVER",2,-1,0
"39",39,1996,"EVER",3,-1,0
"40",40,1996,"EVER",1,-1,0
"41",41,1996,"EVER",2,-1,0
"42",42,1996,"EVER",2,-1,0
"43",43,1996,"EVER",2,-1,0
"44",44,1996,"EVER",2,-1,0
"45",45,1996,"EVER",2,-1,0
"46",46,1996,"EVER",1,-1,0
"47",47,1996,"EVER",2,-1,0
"48",48,1996,"EVER",1,-1,0
"49",49,1996,"EVER",2,-1,0
"50",50,1996,"KRV",3,-1,0
"51",51,1996,"KRV",2,-1,0
"52",52,1996,"KRV",1,-1,0
"53",53,1996,"KRV",1,-1,0
"54",54,1996,"OKEE",1,-1,0
"55",55,1996,"OKEE",2,-1,0
"56",56,1996,"OKEE",1,-1,0
"57",57,1996,"OKEE",2,-1,0
"58",58,1996,"OKEE",1,-1,0
"59",59,1996,"OKEE",2,-1,0
"60",60,1996,"OKEE",3,-1,0
"61",61,1996,"OKEE",3,-1,0
"62",62,1996,"OKEE",2,-1,0
"63",63,1996,"OKEE",2,-1,0
"64",64,1996,"OKEE",2,-1,0
"65",65,1996,"OKEE",2,-1,0
"66",66,1996,"OKEE",3,-1,0
"67",67,1996,"OKEE",3,-1,0
"68",68,1996,"OKEE",1,-1,0
"69",69,1996,"OKEE",1,-1,0
"70",70,1996,"SJM",1,-1,0
"71",71,1996,"SJM",2,-1,0
"72",72,1996,"SJM",2,-1,0
"73",73,1996,"SJM",2,-1,0
"74",74,1996,"SJM",3,-1,0
"75",75,1996,"SJM",2,-1,0
"76",76,1996,"SJM",3,-1,0
"77",77,1997,"EVER",2,-1,0
"78",78,1997,"EVER",1,-1,0
"79",79,1997,"EVER",3,-1,0
"80",80,1997,"EVER",3,-1,0
"81",81,1997,"EVER",2,-1,0
"82",82,1997,"EVER",1,-1,0
"83",83,1997,"EVER",2,-1,0
"84",84,1997,"EVER",2,-1,0
"85",85,1997,"EVER",1,-1,0
"86",86,1997,"EVER",1,-1,0
"87",87,1997,"EVER",2,-1,0
"88",88,1997,"EVER",2,-1,0
"89",89,1997,"EVER",1,-1,0
"90",90,1997,"EVER",1,-1,0
"91",91,1997,"EVER",1,-1,0
"92",92,1997,"EVER",1,-1,0
"93",93,1997,"EVER",2,-1,0
"94",94,1997,"EVER",2,-1,0
"95",95,1997,"EVER",2,-1,0
"96",96,1997,"EVER",2,-1,0
"97",97,1997,"EVER",3,-1,0
"98",98,1997,"EVER",4,-1,0
"99",99,1997,"EVER",3,-1,0
"100",100,1997,"EVER",2,-1,0
"101",101,1997,"EVER",3,-1,0
"102",102,1997,"EVER",3,-1,0
"103",103,1997,"EVER",1,-1,0
"104",104,1997,"EVER",1,-1,0
"105",105,1997,"EVER",1,-1,0
"106",106,1997,"EVER",3,-1,0
"107",107,1997,"EVER",4,-1,0
"108",108,1997,"EVER",3,-1,0
"109",109,1997,"EVER",3,-1,0
"110",110,1997,"EVER",2,-1,0
"111",111,1997,"EVER",2,-1,0
"112",112,1997,"EVER",2,-1,0
"113",113,1997,"EVER",1,-1,0
"114",114,1997,"EVER",3,-1,0
"115",115,1997,"EVER",3,-1,0
"116",116,1997,"EVER",2,-1,0
"117",117,1997,"EVER",2,-1,0
"118",118,1997,"EVER",2,-1,0
"119",119,1997,"EVER",3,-1,0
"120",120,1997,"EVER",3,-1,0
"121",121,1997,"EVER",1,-1,0
"122",122,1997,"EVER",1,-1,0
"123",123,1997,"EVER",2,-1,0
"124",124,1997,"EVER",2,-1,0
"125",125,1997,"EVER",3,-1,0
"126",126,1997,"EVER",1,-1,0
"127",127,1997,"EVER",2,-1,0
"128",128,1997,"EVER",2,-1,0
"129",129,1997,"EVER",3,-1,0
"130",130,1997,"EVER",2,-1,0
"131",131,1997,"EVER",2,-1,0
"132",132,1997,"EVER",3,-1,0
"133",133,1997,"EVER",3,-1,0
"134",134,1997,"EVER",2,-1,0
"135",135,1997,"EVER",2,-1,0
"136",136,1997,"EVER",1,-1,0
"137",137,1997,"EVER",1,-1,0
"138",138,1997,"EVER",1,-1,0
"139",139,1997,"EVER",1,-1,0
"140",140,1997,"EVER",2,-1,0
"141",141,1997,"EVER",2,-1,0
"142",142,1997,"EVER",2,-1,0
"143",143,1997,"EVER",1,-1,0
"144",144,1997,"EVER",2,-1,0
"145",145,1997,"EVER",3,-1,0
"146",146,1997,"EVER",1,-1,0
"147",147,1997,"EVER",2,-1,0
"148",148,1997,"EVER",2,-1,0
"149",149,1997,"EVER",3,-1,0
"150",150,1997,"EVER",2,-1,0
"151",151,1997,"EVER",3,-1,0
"152",152,1997,"EVER",3,-1,0
"153",153,1997,"EVER",2,-1,0
"154",154,1997,"EVER",3,-1,0
"155",155,1997,"EVER",2,-1,0
"156",156,1997,"EVER",3,-1,0
"157",157,1997,"EVER",1,-1,0
"158",158,1997,"EVER",3,-1,0
"159",159,1997,"EVER",3,-1,0
"160",160,1997,"EVER",3,-1,0
"161",161,1997,"EVER",1,-1,0
"162",162,1997,"EVER",3,-1,0
"163",163,1997,"EVER",3,-1,0
"164",164,1997,"EVER",3,-1,0
"165",165,1997,"EVER",2,-1,0
"166",166,1997,"EVER",1,-1,0
"167",167,1997,"EVER",1,-1,0
"168",168,1997,"EVER",2,-1,0
"169",169,1997,"EVER",3,-1,0
"170",170,1997,"EVER",3,-1,0
"171",171,1997,"EVER",3,-1,0
"172",172,1997,"EVER",2,-1,0
"173",173,1997,"EVER",2,-1,0
"174",174,1997,"EVER",3,-1,0
"175",175,1997,"EVER",1,-1,0
"176",176,1997,"EVER",1,-1,0
"177",177,1997,"EVER",2,-1,0
"178",178,1997,"EVER",2,-1,0
"179",179,1997,"EVER",2,-1,0
"180",180,1997,"EVER",1,-1,0
"181",181,1997,"EVER",2,-1,0
"182",182,1997,"EVER",3,-1,0
"183",183,1997,"EVER",2,-1,0
"184",184,1997,"EVER",2,-1,0
"185",185,1997,"EVER",3,-1,0
"186",186,1997,"EVER",2,-1,0
"187",187,1997,"EVER",2,-1,0
"188",188,1997,"EVER",2,-1,0
"189",189,1997,"EVER",2,-1,0
"190",190,1997,"EVER",1,-1,0
"191",191,1997,"EVER",3,-1,0
"192",192,1997,"EVER",2,-1,0
"193",193,1997,"EVER",2,-1,0
"194",194,1997,"EVER",2,-1,0
"195",195,1997,"EVER",2,-1,0
"196",196,1997,"EVER",2,-1,0
"197",197,1997,"EVER",2,-1,0
"198",198,1997,"EVER",2,-1,0
"199",199,1997,"EVER",3,-1,0
"200",200,1997,"EVER",2,-1,0
"201",201,1997,"EVER",3,-1,0
"202",202,1997,"EVER",2,-1,0
"203",203,1997,"EVER",3,-1,0
"204",204,1997,"EVER",1,-1,0
"205",205,1997,"EVER",2,-1,0
"206",206,1997,"EVER",3,-1,0
"207",207,1997,"EVER",2,-1,0
"208",208,1997,"EVER",2,-1,0
"209",209,1997,"EVER",3,-1,0
"210",210,1997,"EVER",2,-1,0
"211",211,1997,"EVER",3,-1,0
"212",212,1997,"EVER",1,-1,0
"213",213,1997,"EVER",1,-1,0
"214",214,1997,"EVER",2,-1,0
"215",215,1997,"EVER",3,-1,0
"216",216,1997,"EVER",3,-1,0
"217",217,1997,"EVER",3,-1,0
"218",218,1997,"EVER",1,-1,0
"219",219,1997,"EVER",3,-1,0
"220",220,1997,"EVER",2,-1,0
"221",221,1997,"EVER",3,-1,0
"222",222,1997,"EVER",2,-1,0
"223",223,1997,"EVER",3,-1,0
"224",224,1997,"KRV",3,-1,0
"225",225,1997,"KRV",3,-1,0
"226",226,1997,"KRV",2,-1,0
"227",227,1997,"KRV",3,-1,0
"228",228,1997,"KRV",1,-1,0
"229",229,1997,"SJM",1,-1,0
"230",230,1997,"SJM",2,-1,0
"231",231,1997,"SJM",2,-1,0
"232",232,1997,"SJM",1,-1,0
"233",233,1997,"SJM",1,-1,0
"234",234,1998,"EVER",2,-1,0
"235",235,1998,"EVER",2,-1,0
"236",236,1998,"EVER",2,-1,0
"237",237,1998,"EVER",2,-1,0
"238",238,1998,"EVER",1,-1,0
"239",239,1998,"EVER",2,-1,0
"240",240,1998,"EVER",2,-1,0
"241",241,1998,"EVER",2,-1,0
"242",242,1998,"EVER",2,-1,0
"243",243,1998,"EVER",3,-1,0
"244",244,1998,"EVER",3,-1,0
"245",245,1998,"EVER",2,-1,0
"246",246,1998,"EVER",2,-1,0
"247",247,1998,"EVER",1,-1,0
"248",248,1998,"EVER",2,-1,0
"249",249,1998,"EVER",3,-1,0
"250",250,1998,"EVER",2,-1,0
"251",251,1998,"EVER",2,-1,0
"252",252,1998,"EVER",1,-1,0
"253",253,1998,"EVER",1,-1,0
"254",254,1998,"EVER",1,-1,0
"255",255,1998,"EVER",1,-1,0
"256",256,1998,"EVER",2,-1,0
"257",257,1998,"EVER",2,-1,0
"258",258,1998,"EVER",3,-1,0
"259",259,1998,"EVER",3,-1,0
"260",260,1998,"EVER",3,-1,0
"261",261,1998,"EVER",1,-1,0
"262",262,1998,"EVER",2,-1,0
"263",263,1998,"EVER",2,-1,0
"264",264,1998,"EVER",2,-1,0
"265",265,1998,"EVER",2,-1,0
"266",266,1998,"EVER",2,-1,0
"267",267,1998,"EVER",3,-1,0
"268",268,1998,"EVER",1,-1,0
"269",269,1998,"EVER",2,-1,0
"270",270,1998,"EVER",3,-1,0
"271",271,1998,"EVER",1,-1,0
"272",272,1998,"EVER",3,-1,0
"273",273,1998,"EVER",2,-1,0
"274",274,1998,"EVER",3,-1,0
"275",275,1998,"EVER",1,-1,0
"276",276,1998,"EVER",3,-1,0
"277",277,1998,"EVER",2,-1,0
"278",278,1998,"EVER",3,-1,0
"279",279,1998,"EVER",2,-1,0
"280",280,1998,"EVER",2,-1,0
"281",281,1998,"EVER",2,-1,0
"282",282,1998,"EVER",1,-1,0
"283",283,1998,"EVER",1,-1,0
"284",284,1998,"EVER",2,-1,0
"285",285,1998,"EVER",1,-1,0
"286",286,1998,"EVER",2,-1,0
"287",287,1998,"EVER",2,-1,0
"288",288,1998,"EVER",2,-1,0
"289",289,1998,"EVER",1,-1,0
"290",290,1998,"EVER",2,-1,0
"291",291,1998,"EVER",1,-1,0
"292",292,1998,"EVER",1,-1,0
"293",293,1998,"EVER",1,-1,0
"294",294,1998,"EVER",1,-1,0
"295",295,1998,"EVER",1,-1,0
"296",296,1998,"EVER",2,-1,0
"297",297,1998,"EVER",2,-1,0
"298",298,1998,"EVER",2,-1,0
"299",299,1998,"EVER",2,-1,0
"300",300,1998,"EVER",2,-1,0
"301",301,1998,"EVER",2,-1,0
"302",302,1998,"EVER",2,-1,0
"303",303,1998,"EVER",2,-1,0
"304",304,1998,"EVER",2,-1,0
"305",305,1998,"EVER",2,-1,0
"306",306,1998,"EVER",2,-1,0
"307",307,1998,"EVER",2,-1,0
"308",308,1998,"EVER",1,-1,0
"309",309,1998,"EVER",3,-1,0
"310",310,1998,"EVER",3,-1,0
"311",311,1998,"EVER",3,-1,0
"312",312,1998,"EVER",1,-1,0
"313",313,1998,"EVER",3,-1,0
"314",314,1998,"EVER",1,-1,0
"315",315,1998,"EVER",2,-1,0
"316",316,1998,"EVER",1,-1,0
"317",317,1998,"EVER",2,-1,0
"318",318,1998,"EVER",3,-1,0
"319",319,1998,"EVER",3,-1,0
"320",320,1998,"EVER",3,-1,0
"321",321,1998,"EVER",1,-1,0
"322",322,1998,"EVER",3,-1,0
"323",323,1998,"EVER",3,-1,0
"324",324,1998,"EVER",2,-1,0
"325",325,1998,"EVER",1,-1,0
"326",326,1998,"EVER",2,-1,0
"327",327,1998,"EVER",2,-1,0
"328",328,1998,"EVER",3,-1,0
"329",329,1998,"EVER",3,-1,0
"330",330,1998,"EVER",2,-1,0
"331",331,1998,"EVER",2,-1,0
"332",332,1998,"EVER",2,-1,0
"333",333,1998,"EVER",2,-1,0
"334",334,1998,"EVER",3,-1,0
"335",335,1998,"EVER",1,-1,0
"336",336,1998,"EVER",3,-1,0
"337",337,1998,"EVER",1,-1,0
"338",338,1998,"EVER",2,-1,0
"339",339,1998,"EVER",3,-1,0
"340",340,1998,"EVER",3,-1,0
"341",341,1998,"EVER",2,-1,0
"342",342,1998,"EVER",2,-1,0
"343",343,1998,"EVER",1,-1,0
"344",344,1998,"EVER",2,-1,0
"345",345,1998,"EVER",2,-1,0
"346",346,1998,"EVER",2,-1,0
"347",347,1998,"EVER",2,-1,0
"348",348,1998,"EVER",2,-1,0
"349",349,1998,"EVER",1,-1,0
"350",350,1998,"EVER",3,-1,0
"351",351,1998,"EVER",1,-1,0
"352",352,1998,"EVER",2,-1,0
"353",353,1998,"EVER",2,-1,0
"354",354,1998,"EVER",2,-1,0
"355",355,1998,"EVER",2,-1,0
"356",356,1998,"EVER",2,-1,0
"357",357,1998,"EVER",3,-1,0
"358",358,1998,"EVER",1,-1,0
"359",359,1998,"EVER",1,-1,0
"360",360,1998,"EVER",1,-1,0
"361",361,1998,"EVER",2,-1,0
"362",362,1998,"EVER",1,-1,0
"363",363,1998,"EVER",1,-1,0
"364",364,1998,"EVER",1,-1,0
"365",365,1998,"EVER",1,-1,0
"366",366,1998,"EVER",3,-1,0
"367",367,1998,"EVER",1,-1,0
"368",368,1998,"EVER",2,-1,0
"369",369,1998,"EVER",2,-1,0
"370",370,1998,"EVER",2,-1,0
"371",371,1998,"EVER",2,-1,0
"372",372,1998,"EVER",2,-1,0
"373",373,1998,"EVER",2,-1,0
"374",374,1998,"EVER",1,-1,0
"375",375,1998,"EVER",1,-1,0
"376",376,1998,"EVER",3,-1,0
"377",377,1998,"EVER",3,-1,0
"378",378,1998,"EVER",2,-1,0
"379",379,1998,"EVER",3,-1,0
"380",380,1998,"EVER",3,-1,0
"381",381,1998,"EVER",2,-1,0
"382",382,1998,"EVER",2,-1,0
"383",383,1998,"EVER",2,-1,0
"384",384,1998,"OKEE",1,-1,0
"385",385,1998,"OKEE",2,-1,0
"386",386,1998,"OKEE",1,-1,0
"387",387,1998,"OKEE",1,-1,0
"388",388,1998,"SJM",1,-1,0
"389",389,1999,"EVER",2,-1,0
"390",390,1999,"EVER",1,-1,0
"391",391,1999,"EVER",1,-1,0
"392",392,1999,"EVER",1,-1,0
"393",393,1999,"EVER",1,-1,0
"394",394,1999,"EVER",2,-1,0
"395",395,1999,"EVER",1,-1,0
"396",396,1999,"EVER",2,-1,0
"397",397,1999,"EVER",1,-1,0
"398",398,1999,"EVER",2,-1,0
"399",399,1999,"EVER",1,-1,0
"400",400,1999,"EVER",1,-1,0
"401",401,1999,"EVER",2,-1,0
"402",402,1999,"EVER",1,-1,0
"403",403,1999,"EVER",1,-1,0
"404",404,1999,"EVER",1,-1,0
"405",405,1999,"EVER",2,-1,0
"406",406,1999,"EVER",1,-1,0
"407",407,1999,"EVER",1,-1,0
"408",408,1999,"EVER",2,-1,0
"409",409,1999,"KRV",2,-1,0
"410",410,1999,"SJM",2,-1,0
"411",411,1999,"SJM",1,-1,0
"412",412,2000,"EVER",1,-1,0
"413",413,2000,"EVER",2,-1,0
"414",414,2000,"EVER",2,-1,0
"415",415,2000,"EVER",2,-1,0
"416",416,2000,"EVER",3,-1,0
"417",417,2000,"EVER",2,-1,0
"418",418,2000,"EVER",2,-1,0
"419",419,2000,"EVER",2,-1,0
"420",420,2000,"EVER",1,-1,0
"421",421,2000,"EVER",2,-1,0
"422",422,2000,"EVER",2,-1,0
"423",423,2000,"EVER",1,-1,0
"424",424,2000,"EVER",2,-1,0
"425",425,2000,"EVER",1,-1,0
"426",426,2000,"EVER",1,-1,0
"427",427,2000,"EVER",2,-1,0
"428",428,2000,"EVER",2,-1,0
"429",429,2000,"EVER",2,-1,0
"430",430,2000,"EVER",2,-1,0
"431",431,2000,"EVER",2,-1,0
"432",432,2000,"EVER",1,-1,0
"433",433,2000,"EVER",2,-1,0
"434",434,2000,"EVER",2,-1,0
"435",435,2000,"EVER",2,-1,0
"436",436,2000,"EVER",1,-1,0
"437",437,2000,"EVER",1,-1,0
"438",438,2000,"EVER",2,-1,0
"439",439,2000,"EVER",2,-1,0
"440",440,2000,"EVER",1,-1,0
"441",441,2000,"EVER",2,-1,0
"442",442,2000,"EVER",1,-1,0
"443",443,2000,"EVER",2,-1,0
"444",444,2000,"EVER",1,-1,0
"445",445,2000,"EVER",2,-1,0
"446",446,2000,"EVER",1,-1,0
"447",447,2000,"EVER",1,-1,0
"448",448,2000,"EVER",1,-1,0
"449",449,2000,"EVER",2,-1,0
"450",450,2000,"EVER",2,-1,0
"451",451,2000,"EVER",1,-1,0
"452",452,2000,"EVER",1,-1,0
"453",453,2000,"EVER",1,-1,0
"454",454,2000,"EVER",2,-1,0
"455",455,2000,"EVER",1,-1,0
"456",456,2000,"EVER",1,-1,0
"457",457,2000,"EVER",1,-1,0
"458",458,2000,"EVER",1,-1,0
"459",459,2000,"EVER",3,-1,0
"460",460,2000,"EVER",2,-1,0
"461",461,2000,"EVER",3,-1,0
"462",462,2000,"EVER",2,-1,0
"463",463,2000,"EVER",3,-1,0
"464",464,2000,"KRV",2,-1,0
"465",465,2000,"KRV",2,-1,0
"466",466,2000,"KRV",1,-1,0
"467",467,2000,"SJM",2,-1,0
"468",468,2001,"KRV",2,-1,0
"469",469,2001,"KRV",2,-1,0
"470",470,2001,"KRV",1,-1,0
"471",471,2001,"KRV",2,-1,0
"472",472,2001,"KRV",1,-1,0
"473",473,2001,"KRV",1,-1,0
"474",474,2001,"KRV",2,-1,0
"475",475,2001,"KRV",2,-1,0
"476",476,2002,"EVER",1,-1,0
"477",477,2002,"EVER",2,-1,0
"478",478,2002,"EVER",2,-1,0
"479",479,2002,"EVER",2,-1,0
"480",480,2002,"EVER",1,-1,0
"481",481,2002,"EVER",3,-1,0
"482",482,2002,"EVER",1,-1,0
"483",483,2002,"EVER",2,-1,0
"484",484,2002,"EVER",1,-1,0
"485",485,2002,"EVER",2,-1,0
"486",486,2002,"EVER",2,-1,0
"487",487,2002,"EVER",2,-1,0
"488",488,2002,"EVER",2,-1,0
"489",489,2002,"EVER",2,-1,0
"490",490,2002,"EVER",2,-1,0
"491",491,2002,"EVER",1,-1,0
"492",492,2002,"EVER",2,-1,0
"493",493,2002,"EVER",2,-1,0
"494",494,2002,"KRV",1,-1,0
"495",495,2002,"KRV",1,-1,0
"496",496,2002,"KRV",1,-1,0
"497",497,2002,"KRV",2,-1,0
"498",498,2002,"KRV",3,-1,0
"499",499,2002,"KRV",2,-1,0
"500",500,2002,"KRV",1,-1,0
"501",501,2002,"KRV",1,-1,0
"502",502,2002,"KRV",2,-1,0
"503",503,2002,"KRV",1,-1,0
"504",504,2002,"KRV",1,-1,0
"505",505,2003,"EAST",1,-1,0
"506",506,2003,"EVER",1,-1,0
"507",507,2003,"EVER",1,-1,0
"508",508,2003,"EVER",2,-1,0
"509",509,2003,"EVER",2,-1,0
"510",510,2003,"EVER",1,-1,0
"511",511,2003,"EVER",1,-1,0
"512",512,2003,"EVER",1,-1,0
"513",513,2003,"EVER",1,-1,0
"514",514,2003,"EVER",1,-1,0
"515",515,2003,"EVER",2,-1,0
"516",516,2003,"EVER",1,-1,0
"517",517,2003,"EVER",1,-1,0
"518",518,2003,"EVER",1,-1,0
"519",519,2003,"EVER",1,-1,0
"520",520,2003,"EVER",2,-1,0
"521",521,2003,"EVER",1,-1,0
"522",522,2003,"EVER",1,-1,0
"523",523,2003,"EVER",1,-1,0
"524",524,2003,"EVER",1,-1,0
"525",525,2003,"EVER",1,-1,0
"526",526,2003,"EVER",2,-1,0
"527",527,2003,"EVER",2,-1,0
"528",528,2003,"EVER",2,-1,0
"529",529,2003,"EVER",1,-1,0
"530",530,2003,"KRV",2,-1,0
"531",531,2003,"KRV",2,-1,0
"532",532,2003,"KRV",2,-1,0
"533",533,2003,"KRV",3,-1,0
"534",534,2003,"KRV",1,-1,0
"535",535,2003,"KRV",1,-1,0
"536",536,2003,"KRV",2,-1,0
"537",537,2003,"OKEE",1,-1,0
"538",538,2003,"SJM",1,-1,0
"539",539,2003,"SJM",2,-1,0
"540",540,2003,"SJM",1,-1,0
"541",541,2004,"EVER",3,-1,0
"542",542,2004,"EVER",3,-1,0
"543",543,2004,"EVER",3,-1,0
"544",544,2004,"EVER",2,-1,0
"545",545,2004,"EVER",1,-1,0
"546",546,2004,"EVER",1,-1,0
"547",547,2004,"EVER",2,-1,0
"548",548,2004,"EVER",1,-1,0
"549",549,2004,"EVER",1,-1,0
"550",550,2004,"EVER",2,-1,0
"551",551,2004,"EVER",2,-1,0
"552",552,2004,"EVER",1,-1,0
"553",553,2004,"EVER",3,-1,0
"554",554,2004,"EVER",2,-1,0
"555",555,2004,"EVER",2,-1,0
"556",556,2004,"EVER",2,-1,0
"557",557,2004,"EVER",2,-1,0
"558",558,2004,"EVER",1,-1,0
"559",559,2004,"EVER",1,-1,0
"560",560,2004,"EVER",1,-1,0
"561",561,2004,"EVER",1,-1,0
"562",562,2004,"EVER",3,-1,0
"563",563,2004,"EVER",2,-1,0
"564",564,2004,"EVER",2,-1,0
"565",565,2004,"EVER",1,-1,0
"566",566,2004,"EVER",2,-1,0
"567",567,2004,"EVER",1,-1,0
"568",568,2004,"EVER",2,-1,0
"569",569,2004,"EVER",2,-1,0
"570",570,2004,"EVER",2,-1,0
"571",571,2004,"EVER",1,-1,0
"572",572,2004,"KRV",2,0,1
"573",573,2004,"KRV",2,0,1
"574",574,2004,"KRV",2,0,1
"575",575,2004,"OKEE",1,-1,0
"576",576,2004,"OKEE",1,-1,0
"577",577,2004,"OKEE",2,-1,0
"578",578,2004,"SJM",2,-1,0
"579",579,2004,"SJM",2,-1,0
"580",580,2004,"SJM",1,-1,0
"581",581,2004,"SJM",2,-1,0
"582",582,2005,"EAST",1,-1,0
"583",583,2005,"KRV",2,1,1
"584",584,2005,"KRV",3,1,1
"585",585,2005,"KRV",2,1,1
"586",586,2005,"KRV",2,1,1
"587",587,2005,"KRV",2,1,1
"588",588,2005,"KRV",1,1,1
"589",589,2005,"KRV",1,1,1
"590",590,2005,"KRV",2,1,1
"591",591,2005,"KRV",2,1,1
"592",592,2005,"KRV",2,1,1
"593",593,2005,"KRV",2,1,1
"594",594,2005,"KRV",3,1,1
"595",595,2005,"KRV",2,1,1
"596",596,2005,"KRV",2,1,1
"597",597,2005,"KRV",2,1,1
"598",598,2005,"KRV",3,1,1
"599",599,2005,"OKEE",1,-1,0
"600",600,2005,"OKEE",1,-1,0
"601",601,2005,"OKEE",1,-1,0
"602",602,2005,"SJM",2,-1,0
"603",603,2005,"SJM",1,-1,0
"604",604,2006,"EVER",1,-1,0
"605",605,2006,"EVER",1,-1,0
"606",606,2006,"EVER",1,-1,0
"607",607,2006,"EVER",1,-1,0
"608",608,2006,"EVER",1,-1,0
"609",609,2006,"EVER",1,-1,0
"610",610,2006,"EVER",1,-1,0
"611",611,2006,"EVER",1,-1,0
"612",612,2006,"EVER",1,-1,0
"613",613,2006,"EVER",1,-1,0
"614",614,2006,"EVER",1,-1,0
"615",615,2006,"EVER",1,-1,0
"616",616,2006,"EVER",1,-1,0
"617",617,2006,"EVER",2,-1,0
"618",618,2006,"EVER",2,-1,0
"619",619,2006,"EVER",1,-1,0
"620",620,2006,"EVER",1,-1,0
"621",621,2006,"EVER",2,-1,0
"622",622,2006,"EVER",1,-1,0
"623",623,2006,"EVER",1,-1,0
"624",624,2006,"EVER",1,-1,0
"625",625,2006,"EVER",2,-1,0
"626",626,2006,"EVER",2,-1,0
"627",627,2006,"EVER",2,-1,0
"628",628,2006,"KRV",1,2,1
"629",629,2006,"KRV",3,2,1
"630",630,2006,"KRV",2,2,1
"631",631,2006,"KRV",1,2,1
"632",632,2006,"KRV",1,2,1
"633",633,2006,"KRV",2,2,1
"634",634,2006,"OKEE",2,-1,0
"635",635,2006,"OKEE",2,-1,0
"636",636,2006,"OKEE",2,-1,0
"637",637,2006,"OKEE",2,-1,0
"638",638,2006,"OKEE",2,-1,0
"639",639,2006,"OKEE",1,-1,0
"640",640,2006,"SJM",1,-1,0
"641",641,2006,"SJM",2,-1,0
"642",642,2007,"KRV",2,3,1
"643",643,2007,"KRV",2,3,1
"644",644,2007,"KRV",2,3,1
"645",645,2007,"KRV",2,3,1
"646",646,2007,"KRV",2,3,1
"647",647,2007,"KRV",2,3,1
"648",648,2007,"KRV",1,3,1
"649",649,2007,"KRV",2,3,1
"650",650,2007,"KRV",2,3,1
"651",651,2007,"KRV",3,3,1
"652",652,2007,"KRV",3,3,1
"653",653,2007,"KRV",2,3,1
"654",654,2007,"KRV",1,3,1
"655",655,2007,"KRV",3,3,1
"656",656,2007,"KRV",2,3,1
"657",657,2007,"KRV",2,3,1
"658",658,2007,"KRV",2,3,1
"659",659,2007,"KRV",2,3,1
"660",660,2007,"KRV",2,3,1
"661",661,2007,"KRV",2,3,1
"662",662,2007,"KRV",1,3,1
"663",663,2007,"KRV",2,3,1
"664",664,2007,"KRV",1,3,1
"665",665,2007,"KRV",3,3,1
"666",666,2008,"EVER",1,-1,0
"667",667,2008,"EVER",1,-1,0
"668",668,2008,"EVER",1,-1,0
"669",669,2008,"KRV",3,4,1
"670",670,2008,"KRV",1,4,1
"671",671,2008,"KRV",2,4,1
"672",672,2008,"KRV",2,4,1
"673",673,2008,"KRV",2,4,1
"674",674,2008,"KRV",2,4,1
"675",675,2008,"KRV",3,4,1
"676",676,2008,"KRV",3,4,1
"677",677,2008,"KRV",3,4,1
"678",678,2008,"KRV",2,4,1
"679",679,2008,"KRV",1,4,1
"680",680,2008,"KRV",2,4,1
"681",681,2008,"KRV",1,4,1
"682",682,2008,"KRV",2,4,1
"683",683,2008,"KRV",2,4,1
"684",684,2008,"KRV",1,4,1
"685",685,2008,"KRV",1,4,1
"686",686,2008,"KRV",3,4,1
"687",687,2008,"KRV",2,4,1
"688",688,2008,"KRV",2,4,1
"689",689,2008,"KRV",1,4,1
"690",690,2008,"KRV",2,4,1
"691",691,2008,"KRV",2,4,1
"692",692,2008,"KRV",2,4,1
"693",693,2008,"KRV",1,4,1
"694",694,2008,"KRV",1,4,1
"695",695,2008,"KRV",3,4,1
"696",696,2008,"KRV",1,4,1
"697",697,2008,"KRV",1,4,1
"698",698,2008,"KRV",1,4,1
"699",699,2008,"KRV",3,4,1
"700",700,2008,"KRV",2,4,1
"701",701,2008,"KRV",2,4,1
"702",702,2008,"KRV",1,4,1
"703",703,2008,"KRV",1,4,1
"704",704,2008,"KRV",3,4,1
"705",705,2008,"KRV",1,4,1
"706",706,2008,"KRV",3,4,1
"707",707,2008,"KRV",1,4,1
"708",708,2008,"KRV",1,4,1
"709",709,2008,"KRV",2,4,1
"710",710,2008,"KRV",3,4,1
"711",711,2008,"KRV",1,4,1
"712",712,2008,"KRV",2,4,1
"713",713,2008,"KRV",2,4,1
"714",714,2008,"KRV",2,4,1
"715",715,2008,"KRV",2,4,1
"716",716,2008,"KRV",1,4,1
"717",717,2008,"KRV",3,4,1
"718",718,2008,"KRV",1,4,1
"719",719,2008,"KRV",2,4,1
"720",720,2008,"KRV",1,4,1
"721",721,2008,"KRV",2,4,1
"722",722,2008,"KRV",2,4,1
"723",723,2008,"KRV",3,4,1
"724",724,2008,"KRV",3,4,1
"725",725,2008,"KRV",1,4,1
"726",726,2008,"KRV",1,4,1
"727",727,2008,"KRV",1,4,1
"728",728,2008,"KRV",2,4,1
"729",729,2009,"EVER",2,-1,0
"730",730,2009,"EVER",1,-1,0
"731",731,2009,"EVER",1,-1,0
"732",732,2009,"EVER",1,-1,0
"733",733,2009,"EVER",2,-1,0
"734",734,2009,"KRV",1,5,1
"735",735,2009,"KRV",2,5,1
"736",736,2009,"KRV",2,5,1
"737",737,2009,"KRV",1,5,1
"738",738,2009,"KRV",2,5,1
"739",739,2009,"KRV",2,5,1
"740",740,2009,"KRV",2,5,1
"741",741,2009,"KRV",1,5,1
"742",742,2009,"KRV",2,5,1
"743",743,2009,"KRV",2,5,1
"744",744,2009,"KRV",2,5,1
"745",745,2009,"KRV",1,5,1
"746",746,2009,"KRV",3,5,1
"747",747,2009,"KRV",2,5,1
"748",748,2009,"KRV",2,5,1
"749",749,2009,"KRV",1,5,1
"750",750,2009,"KRV",1,5,1
"751",751,2009,"KRV",1,5,1
"752",752,2009,"KRV",3,5,1
"753",753,2009,"KRV",3,5,1
"754",754,2009,"KRV",2,5,1
"755",755,2009,"KRV",1,5,1
"756",756,2009,"KRV",3,5,1
"757",757,2009,"KRV",1,5,1
"758",758,2009,"KRV",2,5,1
"759",759,2009,"KRV",1,5,1
"760",760,2009,"KRV",2,5,1
"761",761,2009,"KRV",3,5,1
"762",762,2009,"KRV",2,5,1
"763",763,2009,"KRV",2,5,1
"764",764,2009,"KRV",3,5,1
"765",765,2009,"KRV",3,5,1
"766",766,2009,"KRV",1,5,1
"767",767,2009,"KRV",1,5,1
"768",768,2009,"KRV",2,5,1
"769",769,2009,"KRV",2,5,1
"770",770,2010,"EAST",2,-1,0
"771",771,2010,"EAST",1,-1,0
"772",772,2010,"EVER",1,-1,0
"773",773,2010,"EVER",1,-1,0
"774",774,2010,"EVER",1,-1,0
"775",775,2010,"EVER",3,-1,0
"776",776,2010,"EVER",2,-1,0
"777",777,2010,"EVER",3,-1,0
"778",778,2010,"EVER",2,-1,0
"779",779,2010,"EVER",3,-1,0
"780",780,2010,"EVER",1,-1,0
"781",781,2010,"KRV",1,6,1
"782",782,2010,"KRV",2,6,1
"783",783,2010,"KRV",3,6,1
"784",784,2010,"KRV",3,6,1
"785",785,2010,"KRV",2,6,1
"786",786,2010,"KRV",3,6,1
"787",787,2010,"KRV",2,6,1
"788",788,2010,"KRV",2,6,1
"789",789,2010,"KRV",2,6,1
"790",790,2010,"KRV",1,6,1
"791",791,2010,"KRV",2,6,1
"792",792,2010,"KRV",2,6,1
"793",793,2010,"KRV",2,6,1
"794",794,2010,"KRV",2,6,1
"795",795,2010,"KRV",2,6,1
"796",796,2010,"KRV",1,6,1
"797",797,2010,"KRV",3,6,1
"798",798,2010,"KRV",3,6,1
"799",799,2010,"KRV",3,6,1
"800",800,2010,"KRV",1,6,1
"801",801,2010,"KRV",2,6,1
"802",802,2010,"KRV",3,6,1
"803",803,2010,"KRV",2,6,1
"804",804,2010,"KRV",2,6,1
"805",805,2010,"KRV",1,6,1
"806",806,2010,"KRV",3,6,1
"807",807,2010,"KRV",1,6,1
"808",808,2010,"KRV",1,6,1
"809",809,2010,"KRV",2,6,1
"810",810,2010,"KRV",3,6,1
"811",811,2010,"OKEE",1,1,1
"812",812,2010,"SJM",1,-1,0
"813",813,2011,"EVER",2,-1,0
"814",814,2011,"EVER",1,-1,0
"815",815,2011,"EVER",2,-1,0
"816",816,2011,"EVER",1,-1,0
"817",817,2011,"EVER",3,-1,0
"818",818,2011,"KRV",3,7,1
"819",819,2011,"KRV",2,7,1
"820",820,2011,"KRV",1,7,1
"821",821,2011,"KRV",1,7,1
"822",822,2011,"KRV",2,7,1
"823",823,2011,"KRV",3,7,1
"824",824,2011,"KRV",3,7,1
"825",825,2011,"KRV",1,7,1
"826",826,2011,"KRV",2,7,1
"827",827,2011,"KRV",3,7,1
"828",828,2011,"KRV",2,7,1
"829",829,2011,"KRV",2,7,1
"830",830,2011,"KRV",2,7,1
"831",831,2011,"KRV",2,7,1
"832",832,2011,"KRV",3,7,1
"833",833,2011,"KRV",3,7,1
"834",834,2011,"KRV",3,7,1
"835",835,2011,"KRV",2,7,1
"836",836,2011,"KRV",2,7,1
"837",837,2011,"KRV",3,7,1
"838",838,2011,"KRV",2,7,1
"839",839,2011,"KRV",1,7,1
"840",840,2011,"KRV",3,7,1
"841",841,2011,"KRV",1,7,1
"842",842,2011,"KRV",2,7,1
"843",843,2011,"KRV",2,7,1
"844",844,2011,"KRV",3,7,1
"845",845,2011,"KRV",1,7,1
"846",846,2011,"KRV",2,7,1
"847",847,2011,"KRV",3,7,1
"848",848,2011,"KRV",3,7,1
"849",849,2011,"KRV",2,7,1
"850",850,2011,"KRV",2,7,1
"851",851,2011,"KRV",3,7,1
"852",852,2011,"KRV",2,7,1
"853",853,2011,"KRV",2,7,1
"854",854,2011,"KRV",2,7,1
"855",855,2011,"KRV",2,7,1
"856",856,2011,"KRV",1,7,1
"857",857,2011,"KRV",3,7,1
"858",858,2011,"KRV",2,7,1
"859",859,2011,"KRV",3,7,1
"860",860,2011,"KRV",2,7,1
"861",861,2011,"KRV",1,7,1
"862",862,2011,"KRV",2,7,1
"863",863,2011,"KRV",2,7,1
"864",864,2011,"KRV",2,7,1
"865",865,2011,"KRV",1,7,1
"866",866,2011,"KRV",3,7,1
"867",867,2011,"KRV",2,7,1
"868",868,2011,"KRV",2,7,1
"869",869,2011,"KRV",3,7,1
"870",870,2011,"KRV",2,7,1
"871",871,2011,"KRV",3,7,1
"872",872,2011,"KRV",2,7,1
"873",873,2011,"KRV",2,7,1
"874",874,2011,"KRV",2,7,1
"875",875,2011,"KRV",1,7,1
"876",876,2011,"KRV",3,7,1
"877",877,2011,"KRV",2,7,1
"878",878,2011,"KRV",1,7,1
"879",879,2011,"KRV",3,7,1
"880",880,2011,"KRV",2,7,1
"881",881,2011,"KRV",1,7,1
"882",882,2011,"KRV",3,7,1
"883",883,2011,"KRV",3,7,1
"884",884,2011,"KRV",1,7,1
"885",885,2011,"KRV",3,7,1
"886",886,2011,"KRV",3,7,1
"887",887,2011,"KRV",2,7,1
"888",888,2011,"KRV",3,7,1
"889",889,2011,"KRV",3,7,1
"890",890,2011,"KRV",1,7,1
"891",891,2011,"KRV",1,7,1
"892",892,2011,"KRV",1,7,1
"893",893,2011,"KRV",1,7,1
"894",894,2011,"KRV",2,7,1
"895",895,2011,"KRV",2,7,1
"896",896,2011,"KRV",2,7,1
"897",897,2011,"KRV",3,7,1
"898",898,2011,"OKEE",3,2,1
"899",899,2011,"OKEE",1,2,1
"900",900,2011,"OKEE",3,2,1
"901",901,2011,"OKEE",3,2,1
"902",902,2011,"OKEE",2,2,1
"903",903,2011,"OKEE",3,2,1
"904",904,2011,"OKEE",1,2,1
"905",905,2012,"EVER",1,0,1
"906",906,2012,"EVER",3,0,1
"907",907,2012,"KRV",2,8,1
"908",908,2012,"KRV",2,8,1
"909",909,2012,"KRV",3,8,1
"910",910,2012,"KRV",3,8,1
"911",911,2012,"KRV",2,8,1
"912",912,2012,"KRV",3,8,1
"913",913,2012,"KRV",3,8,1
"914",914,2012,"KRV",2,8,1
"915",915,2012,"KRV",2,8,1
"916",916,2012,"KRV",2,8,1
"917",917,2012,"KRV",1,8,1
"918",918,2012,"KRV",3,8,1
"919",919,2012,"KRV",3,8,1
"920",920,2012,"KRV",1,8,1
"921",921,2012,"KRV",2,8,1
"922",922,2012,"KRV",3,8,1
"923",923,2012,"KRV",2,8,1
"924",924,2012,"KRV",2,8,1
"925",925,2012,"KRV",2,8,1
"926",926,2012,"KRV",3,8,1
"927",927,2012,"KRV",3,8,1
"928",928,2012,"KRV",3,8,1
"929",929,2012,"KRV",2,8,1
"930",930,2012,"KRV",1,8,1
"931",931,2012,"KRV",2,8,1
"932",932,2012,"KRV",2,8,1
"933",933,2012,"KRV",1,8,1
"934",934,2012,"KRV",2,8,1
"935",935,2012,"KRV",2,8,1
"936",936,2012,"KRV",2,8,1
"937",937,2012,"KRV",2,8,1
"938",938,2012,"KRV",3,8,1
"939",939,2012,"KRV",2,8,1
"940",940,2012,"KRV",3,8,1
"941",941,2012,"KRV",2,8,1
"942",942,2012,"KRV",2,8,1
"943",943,2012,"KRV",1,8,1
"944",944,2012,"KRV",1,8,1
"945",945,2012,"KRV",2,8,1
"946",946,2012,"KRV",2,8,1
"947",947,2012,"KRV",2,8,1
"948",948,2012,"KRV",1,8,1
"949",949,2012,"KRV",3,8,1
"950",950,2012,"KRV",2,8,1
"951",951,2012,"KRV",2,8,1
"952",952,2012,"KRV",2,8,1
"953",953,2012,"KRV",1,8,1
"954",954,2012,"KRV",2,8,1
"955",955,2012,"KRV",2,8,1
"956",956,2012,"KRV",1,8,1
"957",957,2012,"KRV",2,8,1
"958",958,2012,"KRV",3,8,1
"959",959,2012,"OKEE",2,3,1
"960",960,2012,"OKEE",1,3,1
"961",961,2012,"OKEE",1,3,1
"962",962,2012,"OKEE",1,3,1
"963",963,2012,"OKEE",2,3,1
"964",964,2012,"OKEE",1,3,1
"965",965,2012,"OKEE",1,3,1
"966",966,2012,"OKEE",3,3,1
"967",967,2012,"OKEE",2,3,1
"968",968,2012,"OKEE",1,3,1
"969",969,2012,"OKEE",2,3,1
"970",970,2012,"OKEE",2,3,1
"971",971,2012,"OKEE",3,3,1
"972",972,2012,"OKEE",2,3,1
"973",973,2012,"OKEE",2,3,1
"974",974,2012,"SJM",1,-1,0
"975",975,2013,"EAST",2,-1,0
"976",976,2013,"EVER",2,1,1
"977",977,2013,"EVER",1,1,1
"978",978,2013,"EVER",1,1,1
"979",979,2013,"EVER",1,1,1
"980",980,2013,"EVER",1,1,1
"981",981,2013,"EVER",1,1,1
"982",982,2013,"EVER",1,1,1
"983",983,2013,"EVER",1,1,1
"984",984,2013,"EVER",3,1,1
"985",985,2013,"EVER",1,1,1
"986",986,2013,"EVER",1,1,1
"987",987,2013,"EVER",2,1,1
"988",988,2013,"EVER",1,1,1
"989",989,2013,"EVER",2,1,1
"990",990,2013,"EVER",1,1,1
"991",991,2013,"EVER",1,1,1
"992",992,2013,"EVER",1,1,1
"993",993,2013,"EVER",2,1,1
"994",994,2013,"EVER",1,1,1
"995",995,2013,"EVER",1,1,1
"996",996,2013,"EVER",1,1,1
"997",997,2013,"EVER",2,1,1
"998",998,2013,"EVER",1,1,1
"999",999,2013,"EVER",2,1,1
"1000",1000,2013,"EVER",3,1,1
"1001",1001,2013,"EVER",2,1,1
"1002",1002,2013,"EVER",2,1,1
"1003",1003,2013,"EVER",2,1,1
"1004",1004,2013,"EVER",1,1,1
"1005",1005,2013,"EVER",3,1,1
"1006",1006,2013,"EVER",3,1,1
"1007",1007,2013,"EVER",1,1,1
"1008",1008,2013,"EVER",2,1,1
"1009",1009,2013,"EVER",1,1,1
"1010",1010,2013,"EVER",2,1,1
"1011",1011,2013,"EVER",3,1,1
"1012",1012,2013,"EVER",1,1,1
"1013",1013,2013,"EVER",2,1,1
"1014",1014,2013,"EVER",2,1,1
"1015",1015,2013,"EVER",1,1,1
"1016",1016,2013,"EVER",1,1,1
"1017",1017,2013,"KRV",2,9,1
"1018",1018,2013,"KRV",2,9,1
"1019",1019,2013,"KRV",1,9,1
"1020",1020,2013,"KRV",2,9,1
"1021",1021,2013,"KRV",1,9,1
"1022",1022,2013,"KRV",1,9,1
"1023",1023,2013,"KRV",1,9,1
"1024",1024,2013,"KRV",3,9,1
"1025",1025,2013,"KRV",2,9,1
"1026",1026,2013,"KRV",2,9,1
"1027",1027,2013,"KRV",2,9,1
"1028",1028,2013,"KRV",3,9,1
"1029",1029,2013,"KRV",1,9,1
"1030",1030,2013,"KRV",1,9,1
"1031",1031,2013,"KRV",1,9,1
"1032",1032,2013,"KRV",3,9,1
"1033",1033,2013,"KRV",1,9,1
"1034",1034,2013,"KRV",1,9,1
"1035",1035,2013,"KRV",1,9,1
"1036",1036,2013,"KRV",1,9,1
"1037",1037,2013,"KRV",1,9,1
"1038",1038,2013,"KRV",2,9,1
"1039",1039,2013,"KRV",3,9,1
"1040",1040,2013,"KRV",2,9,1
"1041",1041,2013,"KRV",2,9,1
"1042",1042,2013,"KRV",1,9,1
"1043",1043,2013,"KRV",1,9,1
"1044",1044,2013,"KRV",1,9,1
"1045",1045,2013,"KRV",3,9,1
"1046",1046,2013,"KRV",1,9,1
"1047",1047,2013,"KRV",2,9,1
"1048",1048,2013,"KRV",2,9,1
"1049",1049,2013,"KRV",1,9,1
"1050",1050,2013,"KRV",1,9,1
"1051",1051,2013,"KRV",1,9,1
"1052",1052,2013,"KRV",2,9,1
"1053",1053,2013,"KRV",1,9,1
"1054",1054,2013,"KRV",2,9,1
"1055",1055,2013,"KRV",1,9,1
"1056",1056,2013,"KRV",3,9,1
"1057",1057,2013,"KRV",2,9,1
"1058",1058,2013,"KRV",3,9,1
"1059",1059,2013,"KRV",2,9,1
"1060",1060,2013,"KRV",1,9,1
"1061",1061,2013,"KRV",2,9,1
"1062",1062,2013,"KRV",3,9,1
"1063",1063,2013,"KRV",3,9,1
"1064",1064,2013,"KRV",2,9,1
"1065",1065,2013,"KRV",1,9,1
"1066",1066,2013,"KRV",3,9,1
"1067",1067,2013,"KRV",2,9,1
"1068",1068,2013,"KRV",3,9,1
"1069",1069,2013,"KRV",2,9,1
"1070",1070,2013,"KRV",3,9,1
"1071",1071,2013,"KRV",1,9,1
"1072",1072,2013,"KRV",2,9,1
"1073",1073,2013,"KRV",1,9,1
"1074",1074,2013,"OKEE",1,4,1
"1075",1075,2013,"OKEE",2,4,1
"1076",1076,2013,"OKEE",2,4,1
"1077",1077,2013,"OKEE",1,4,1
"1078",1078,2013,"OKEE",2,4,1
"1079",1079,2013,"OKEE",1,4,1
"1080",1080,2013,"OKEE",2,4,1
"1081",1081,2013,"OKEE",2,4,1
"1082",1082,2013,"OKEE",2,4,1
"1083",1083,2013,"OKEE",2,4,1
"1084",1084,2013,"OKEE",2,4,1
"1085",1085,2013,"OKEE",2,4,1
"1086",1086,2013,"OKEE",1,4,1
"1087",1087,2013,"OKEE",1,4,1
"1088",1088,2013,"OKEE",1,4,1
"1089",1089,2013,"OKEE",1,4,1
"1090",1090,2013,"OKEE",3,4,1
"1091",1091,2013,"OKEE",1,4,1
"1092",1092,2013,"OKEE",3,4,1
"1093",1093,2013,"OKEE",3,4,1
"1094",1094,2013,"OKEE",1,4,1
"1095",1095,2013,"OKEE",1,4,1
"1096",1096,2013,"OKEE",2,4,1
"1097",1097,2013,"OKEE",2,4,1
"1098",1098,2013,"OKEE",2,4,1
"1099",1099,2013,"OKEE",2,4,1
"1100",1100,2013,"OKEE",2,4,1
"1101",1101,2013,"SJM",1,-1,0
"1102",1102,2014,"EAST",1,-1,0
"1103",1103,2014,"EAST",3,-1,0
"1104",1104,2014,"EAST",3,-1,0
"1105",1105,2014,"EAST",2,-1,0
"1106",1106,2014,"EAST",1,-1,0
"1107",1107,2014,"EAST",1,-1,0
"1108",1108,2014,"EAST",1,-1,0
"1109",1109,2014,"EVER",1,2,1
"1110",1110,2014,"EVER",1,2,1
"1111",1111,2014,"EVER",2,2,1
"1112",1112,2014,"EVER",1,2,1
"1113",1113,2014,"EVER",2,2,1
"1114",1114,2014,"EVER",1,2,1
"1115",1115,2014,"EVER",2,2,1
"1116",1116,2014,"EVER",2,2,1
"1117",1117,2014,"EVER",1,2,1
"1118",1118,2014,"EVER",2,2,1
"1119",1119,2014,"EVER",1,2,1
"1120",1120,2014,"EVER",2,2,1
"1121",1121,2014,"EVER",2,2,1
"1122",1122,2014,"EVER",2,2,1
"1123",1123,2014,"EVER",2,2,1
"1124",1124,2014,"EVER",2,2,1
"1125",1125,2014,"EVER",1,2,1
"1126",1126,2014,"EVER",1,2,1
"1127",1127,2014,"EVER",3,2,1
"1128",1128,2014,"EVER",3,2,1
"1129",1129,2014,"EVER",1,2,1
"1130",1130,2014,"EVER",2,2,1
"1131",1131,2014,"EVER",2,2,1
"1132",1132,2014,"EVER",1,2,1
"1133",1133,2014,"EVER",2,2,1
"1134",1134,2014,"EVER",2,2,1
"1135",1135,2014,"EVER",1,2,1
"1136",1136,2014,"EVER",1,2,1
"1137",1137,2014,"EVER",3,2,1
"1138",1138,2014,"EVER",1,2,1
"1139",1139,2014,"EVER",1,2,1
"1140",1140,2014,"EVER",1,2,1
"1141",1141,2014,"EVER",2,2,1
"1142",1142,2014,"EVER",1,2,1
"1143",1143,2014,"EVER",2,2,1
"1144",1144,2014,"EVER",3,2,1
"1145",1145,2014,"EVER",2,2,1
"1146",1146,2014,"EVER",1,2,1
"1147",1147,2014,"EVER",1,2,1
"1148",1148,2014,"EVER",2,2,1
"1149",1149,2014,"EVER",2,2,1
"1150",1150,2014,"EVER",3,2,1
"1151",1151,2014,"EVER",2,2,1
"1152",1152,2014,"EVER",2,2,1
"1153",1153,2014,"EVER",2,2,1
"1154",1154,2014,"EVER",2,2,1
"1155",1155,2014,"EVER",2,2,1
"1156",1156,2014,"EVER",1,2,1
"1157",1157,2014,"EVER",3,2,1
"1158",1158,2014,"EVER",2,2,1
"1159",1159,2014,"EVER",1,2,1
"1160",1160,2014,"EVER",2,2,1
"1161",1161,2014,"EVER",2,2,1
"1162",1162,2014,"EVER",1,2,1
"1163",1163,2014,"EVER",3,2,1
"1164",1164,2014,"EVER",2,2,1
"1165",1165,2014,"EVER",2,2,1
"1166",1166,2014,"EVER",2,2,1
"1167",1167,2014,"EVER",1,2,1
"1168",1168,2014,"EVER",3,2,1
"1169",1169,2014,"EVER",1,2,1
"1170",1170,2014,"EVER",1,2,1
"1171",1171,2014,"EVER",1,2,1
"1172",1172,2014,"EVER",2,2,1
"1173",1173,2014,"EVER",1,2,1
"1174",1174,2014,"EVER",2,2,1
"1175",1175,2014,"EVER",3,2,1
"1176",1176,2014,"KRV",1,10,1
"1177",1177,2014,"KRV",2,10,1
"1178",1178,2014,"KRV",3,10,1
"1179",1179,2014,"KRV",3,10,1
"1180",1180,2014,"KRV",1,10,1
"1181",1181,2014,"KRV",3,10,1
"1182",1182,2014,"KRV",1,10,1
"1183",1183,2014,"KRV",1,10,1
"1184",1184,2014,"KRV",1,10,1
"1185",1185,2014,"KRV",2,10,1
"1186",1186,2014,"KRV",1,10,1
"1187",1187,2014,"KRV",1,10,1
"1188",1188,2014,"KRV",2,10,1
"1189",1189,2014,"KRV",1,10,1
"1190",1190,2014,"KRV",1,10,1
"1191",1191,2014,"KRV",3,10,1
"1192",1192,2014,"KRV",2,10,1
"1193",1193,2014,"KRV",2,10,1
"1194",1194,2014,"KRV",1,10,1
"1195",1195,2014,"KRV",3,10,1
"1196",1196,2014,"KRV",3,10,1
"1197",1197,2014,"OKEE",2,5,1
"1198",1198,2014,"OKEE",1,5,1
"1199",1199,2014,"OKEE",1,5,1
"1200",1200,2014,"OKEE",2,5,1
"1201",1201,2014,"OKEE",1,5,1
"1202",1202,2014,"OKEE",2,5,1
"1203",1203,2014,"OKEE",2,5,1
"1204",1204,2014,"OKEE",1,5,1
"1205",1205,2014,"OKEE",2,5,1
"1206",1206,2014,"OKEE",2,5,1
"1207",1207,2014,"OKEE",2,5,1
"1208",1208,2014,"OKEE",2,5,1
"1209",1209,2014,"OKEE",2,5,1
"1210",1210,2014,"OKEE",1,5,1
"1211",1211,2014,"OKEE",1,5,1
"1212",1212,2014,"OKEE",2,5,1
"1213",1213,2014,"OKEE",2,5,1
"1214",1214,2014,"OKEE",1,5,1
"1215",1215,2014,"OKEE",2,5,1
"1216",1216,2014,"OKEE",2,5,1
"1217",1217,2014,"OKEE",2,5,1
"1218",1218,2014,"OKEE",2,5,1
"1219",1219,2014,"OKEE",3,5,1
"1220",1220,2014,"OKEE",1,5,1
"1221",1221,2014,"OKEE",3,5,1
"1222",1222,2015,"EAST",1,0,1
"1223",1223,2015,"EAST",2,0,1
"1224",1224,2015,"EAST",1,0,1
"1225",1225,2015,"EVER",3,3,1
"1226",1226,2015,"EVER",1,3,1
"1227",1227,2015,"EVER",1,3,1
"1228",1228,2015,"EVER",1,3,1
"1229",1229,2015,"EVER",2,3,1
"1230",1230,2015,"EVER",2,3,1
"1231",1231,2015,"EVER",1,3,1
"1232",1232,2015,"EVER",1,3,1
"1233",1233,2015,"EVER",2,3,1
"1234",1234,2015,"EVER",1,3,1
"1235",1235,2015,"EVER",1,3,1
"1236",1236,2015,"EVER",2,3,1
"1237",1237,2015,"EVER",2,3,1
"1238",1238,2015,"EVER",3,3,1
"1239",1239,2015,"EVER",1,3,1
"1240",1240,2015,"EVER",1,3,1
"1241",1241,2015,"EVER",3,3,1
"1242",1242,2015,"EVER",2,3,1
"1243",1243,2015,"EVER",3,3,1
"1244",1244,2015,"EVER",3,3,1
"1245",1245,2015,"EVER",2,3,1
"1246",1246,2015,"EVER",3,3,1
"1247",1247,2015,"EVER",1,3,1
"1248",1248,2015,"EVER",3,3,1
"1249",1249,2015,"EVER",1,3,1
"1250",1250,2015,"EVER",2,3,1
"1251",1251,2015,"EVER",2,3,1
"1252",1252,2015,"EVER",2,3,1
"1253",1253,2015,"EVER",1,3,1
"1254",1254,2015,"EVER",1,3,1
"1255",1255,2015,"EVER",1,3,1
"1256",1256,2015,"EVER",1,3,1
"1257",1257,2015,"EVER",1,3,1
"1258",1258,2015,"EVER",2,3,1
"1259",1259,2015,"EVER",1,3,1
"1260",1260,2015,"EVER",2,3,1
"1261",1261,2015,"EVER",1,3,1
"1262",1262,2015,"EVER",2,3,1
"1263",1263,2015,"EVER",2,3,1
"1264",1264,2015,"EVER",1,3,1
"1265",1265,2015,"EVER",2,3,1
"1266",1266,2015,"EVER",1,3,1
"1267",1267,2015,"EVER",2,3,1
"1268",1268,2015,"EVER",2,3,1
"1269",1269,2015,"EVER",2,3,1
"1270",1270,2015,"EVER",2,3,1
"1271",1271,2015,"EVER",1,3,1
"1272",1272,2015,"EVER",1,3,1
"1273",1273,2015,"EVER",2,3,1
"1274",1274,2015,"EVER",1,3,1
"1275",1275,2015,"EVER",2,3,1
"1276",1276,2015,"EVER",2,3,1
"1277",1277,2015,"EVER",1,3,1
"1278",1278,2015,"EVER",1,3,1
"1279",1279,2015,"EVER",2,3,1
"1280",1280,2015,"EVER",1,3,1
"1281",1281,2015,"EVER",3,3,1
"1282",1282,2015,"EVER",2,3,1
"1283",1283,2015,"EVER",1,3,1
"1284",1284,2015,"KRV",1,11,1
"1285",1285,2015,"KRV",2,11,1
"1286",1286,2015,"KRV",1,11,1
"1287",1287,2015,"KRV",1,11,1
"1288",1288,2015,"KRV",1,11,1
"1289",1289,2015,"KRV",3,11,1
"1290",1290,2015,"KRV",1,11,1
"1291",1291,2015,"KRV",2,11,1
"1292",1292,2015,"KRV",2,11,1
"1293",1293,2015,"KRV",2,11,1
"1294",1294,2015,"KRV",1,11,1
"1295",1295,2015,"KRV",3,11,1
"1296",1296,2015,"KRV",1,11,1
"1297",1297,2015,"KRV",3,11,1
"1298",1298,2015,"KRV",3,11,1
"1299",1299,2015,"KRV",1,11,1
"1300",1300,2015,"KRV",3,11,1
"1301",1301,2015,"KRV",1,11,1
"1302",1302,2015,"KRV",2,11,1
"1303",1303,2015,"KRV",2,11,1
"1304",1304,2015,"KRV",1,11,1
"1305",1305,2015,"KRV",1,11,1
"1306",1306,2015,"KRV",1,11,1
"1307",1307,2015,"KRV",1,11,1
"1308",1308,2015,"KRV",3,11,1
"1309",1309,2015,"KRV",3,11,1
"1310",1310,2015,"KRV",3,11,1
"1311",1311,2015,"KRV",2,11,1
"1312",1312,2015,"KRV",3,11,1
"1313",1313,2015,"KRV",3,11,1
"1314",1314,2015,"KRV",2,11,1
"1315",1315,2015,"KRV",2,11,1
"1316",1316,2015,"KRV",2,11,1
"1317",1317,2015,"KRV",2,11,1
"1318",1318,2015,"KRV",3,11,1
"1319",1319,2015,"KRV",3,11,1
"1320",1320,2015,"KRV",1,11,1
"1321",1321,2015,"KRV",2,11,1
"1322",1322,2015,"KRV",2,11,1
"1323",1323,2015,"KRV",3,11,1
"1324",1324,2015,"KRV",1,11,1
"1325",1325,2015,"KRV",3,11,1
"1326",1326,2015,"KRV",1,11,1
"1327",1327,2015,"KRV",1,11,1
"1328",1328,2015,"KRV",1,11,1
"1329",1329,2015,"KRV",3,11,1
"1330",1330,2015,"KRV",1,11,1
"1331",1331,2015,"KRV",1,11,1
"1332",1332,2015,"KRV",2,11,1
"1333",1333,2015,"KRV",2,11,1
"1334",1334,2015,"KRV",2,11,1
"1335",1335,2015,"KRV",1,11,1
"1336",1336,2015,"KRV",1,11,1
"1337",1337,2015,"OKEE",1,6,1
"1338",1338,2015,"OKEE",2,6,1
"1339",1339,2015,"OKEE",1,6,1
"1340",1340,2015,"OKEE",2,6,1
"1341",1341,2015,"OKEE",2,6,1
"1342",1342,2015,"OKEE",1,6,1
"1343",1343,2015,"OKEE",1,6,1
"1344",1344,2015,"OKEE",2,6,1
"1345",1345,2015,"OKEE",2,6,1
"1346",1346,2015,"OKEE",1,6,1
"1347",1347,2015,"OKEE",2,6,1
"1348",1348,2015,"OKEE",2,6,1
"1349",1349,2015,"OKEE",1,6,1
"1350",1350,2015,"OKEE",1,6,1
"1351",1351,2015,"OKEE",3,6,1
"1352",1352,2015,"OKEE",2,6,1
"1353",1353,2015,"OKEE",2,6,1
"1354",1354,2015,"OKEE",2,6,1
"1355",1355,2015,"SJM",3,0,1
"1356",1356,2015,"SJM",3,0,1
"1357",1357,2015,"SJM",2,0,1
"1358",1358,2015,"SJM",2,0,1
"1359",1359,2015,"SJM",3,0,1
"1360",1360,2015,"SJM",1,0,1
"1361",1361,2015,"SJM",1,0,1
"1362",1362,2015,"SJM",2,0,1
"1363",1363,2015,"SJM",3,0,1
"1364",1364,2015,"SJM",3,0,1
"1365",1365,2015,"SJM",1,0,1
"1366",1366,2015,"SJM",3,0,1
"1367",1367,2015,"SJM",1,0,1
"1368",1368,2015,"SJM",2,0,1
"1369",1369,2015,"SJM",1,0,1
"1370",1370,2015,"SJM",2,0,1
"1371",1371,2015,"SJM",3,0,1
"1372",1372,2015,"SJM",2,0,1
"1373",1373,2015,"SJM",3,0,1
"1374",1374,2015,"SJM",2,0,1
"1375",1375,2015,"SJM",1,0,1
"1376",1376,2015,"SJM",1,0,1
"1377",1377,2015,"SJM",3,0,1
"1378",1378,2015,"SJM",2,0,1
"1379",1379,2015,"SJM",3,0,1
"1380",1380,2015,"SJM",3,0,1
"1381",1381,2015,"SJM",1,0,1
"1382",1382,2015,"SJM",2,0,1
"1383",1383,2015,"SJM",3,0,1
"1384",1384,2015,"SJM",1,0,1
"1385",1385,2015,"SJM",1,0,1
"1386",1386,2015,"SJM",2,0,1
"1387",1387,2015,"SJM",1,0,1
"1388",1388,2015,"SJM",2,0,1
"1389",1389,2015,"SJM",1,0,1
"1390",1390,2015,"SJM",2,0,1
"1391",1391,2015,"SJM",3,0,1
"1392",1392,2015,"SJM",1,0,1
"1393",1393,2015,"SJM",2,0,1
"1394",1394,2015,"SJM",3,0,1
"1395",1395,2015,"SJM",1,0,1
"1396",1396,2015,"SJM",3,0,1
"1397",1397,2015,"SJM",2,0,1
"1398",1398,2015,"SJM",3,0,1
"1399",1399,2015,"SJM",3,0,1
"1400",1400,2015,"SJM",1,0,1
"1401",1401,2015,"SJM",2,0,1
"1402",1402,2015,"SJM",1,0,1
"1403",1403,2015,"SJM",2,0,1
"1404",1404,2015,"SJM",2,0,1
"1405",1405,2015,"SJM",2,0,1
"1406",1406,2015,"SJM",2,0,1
"1407",1407,2015,"SJM",3,0,1
"1408",1408,2015,"SJM",3,0,1
"1409",1409,2015,"SJM",3,0,1
"1410",1410,2015,"SJM",1,0,1
"1411",1411,2015,"SJM",2,0,1
"1412",1412,2015,"SJM",1,0,1
"1413",1413,2015,"SJM",1,0,1
"1414",1414,2015,"SJM",2,0,1
"1415",1415,2015,"SJM",2,0,1
"1416",1416,2015,"SJM",1,0,1
"1417",1417,2015,"SJM",2,0,1
"1418",1418,2015,"SJM",3,0,1
"1419",1419,2015,"SJM",3,0,1
"1420",1420,2015,"SJM",1,0,1
"1421",1421,2015,"SJM",2,0,1
"1422",1422,2015,"SJM",2,0,1
"1423",1423,2016,"EAST",2,1,1
"1424",1424,2016,"EAST",3,1,1
"1425",1425,2016,"EAST",1,1,1
"1426",1426,2016,"EAST",3,1,1
"1427",1427,2016,"EAST",3,1,1
"1428",1428,2016,"EAST",3,1,1
"1429",1429,2016,"EAST",2,1,1
"1430",1430,2016,"EAST",3,1,1
"1431",1431,2016,"EAST",2,1,1
"1432",1432,2016,"EAST",1,1,1
"1433",1433,2016,"EAST",2,1,1
"1434",1434,2016,"EAST",3,1,1
"1435",1435,2016,"EAST",2,1,1
"1436",1436,2016,"EAST",2,1,1
"1437",1437,2016,"EAST",2,1,1
"1438",1438,2016,"EAST",2,1,1
"1439",1439,2016,"EAST",1,1,1
"1440",1440,2016,"EAST",2,1,1
"1441",1441,2016,"EAST",2,1,1
"1442",1442,2016,"EAST",2,1,1
"1443",1443,2016,"EAST",1,1,1
"1444",1444,2016,"EAST",2,1,1
"1445",1445,2016,"EAST",2,1,1
"1446",1446,2016,"EAST",1,1,1
"1447",1447,2016,"EAST",1,1,1
"1448",1448,2016,"EAST",2,1,1
"1449",1449,2016,"EVER",1,4,1
"1450",1450,2016,"EVER",1,4,1
"1451",1451,2016,"EVER",1,4,1
"1452",1452,2016,"EVER",2,4,1
"1453",1453,2016,"EVER",2,4,1
"1454",1454,2016,"EVER",3,4,1
"1455",1455,2016,"EVER",3,4,1
"1456",1456,2016,"EVER",1,4,1
"1457",1457,2016,"EVER",2,4,1
"1458",1458,2016,"EVER",2,4,1
"1459",1459,2016,"EVER",1,4,1
"1460",1460,2016,"EVER",1,4,1
"1461",1461,2016,"EVER",2,4,1
"1462",1462,2016,"EVER",1,4,1
"1463",1463,2016,"EVER",2,4,1
"1464",1464,2016,"EVER",2,4,1
"1465",1465,2016,"EVER",2,4,1
"1466",1466,2016,"EVER",2,4,1
"1467",1467,2016,"EVER",1,4,1
"1468",1468,2016,"EVER",1,4,1
"1469",1469,2016,"EVER",3,4,1
"1470",1470,2016,"EVER",2,4,1
"1471",1471,2016,"EVER",2,4,1
"1472",1472,2016,"EVER",3,4,1
"1473",1473,2016,"EVER",2,4,1
"1474",1474,2016,"EVER",1,4,1
"1475",1475,2016,"EVER",2,4,1
"1476",1476,2016,"EVER",3,4,1
"1477",1477,2016,"EVER",1,4,1
"1478",1478,2016,"EVER",1,4,1
"1479",1479,2016,"EVER",2,4,1
"1480",1480,2016,"EVER",1,4,1
"1481",1481,2016,"KRV",3,12,1
"1482",1482,2016,"KRV",2,12,1
"1483",1483,2016,"KRV",2,12,1
"1484",1484,2016,"KRV",1,12,1
"1485",1485,2016,"KRV",1,12,1
"1486",1486,2016,"KRV",2,12,1
"1487",1487,2016,"KRV",2,12,1
"1488",1488,2016,"KRV",3,12,1
"1489",1489,2016,"KRV",2,12,1
"1490",1490,2016,"KRV",3,12,1
"1491",1491,2016,"KRV",1,12,1
"1492",1492,2016,"KRV",3,12,1
"1493",1493,2016,"KRV",1,12,1
"1494",1494,2016,"KRV",1,12,1
"1495",1495,2016,"KRV",2,12,1
"1496",1496,2016,"KRV",2,12,1
"1497",1497,2016,"KRV",2,12,1
"1498",1498,2016,"KRV",2,12,1
"1499",1499,2016,"KRV",3,12,1
"1500",1500,2016,"KRV",2,12,1
"1501",1501,2016,"KRV",2,12,1
"1502",1502,2016,"KRV",3,12,1
"1503",1503,2016,"KRV",1,12,1
"1504",1504,2016,"KRV",2,12,1
"1505",1505,2016,"KRV",2,12,1
"1506",1506,2016,"KRV",2,12,1
"1507",1507,2016,"KRV",1,12,1
"1508",1508,2016,"KRV",2,12,1
"1509",1509,2016,"KRV",1,12,1
"1510",1510,2016,"KRV",2,12,1
"1511",1511,2016,"KRV",3,12,1
"1512",1512,2016,"KRV",1,12,1
"1513",1513,2016,"KRV",1,12,1
"1514",1514,2016,"KRV",1,12,1
"1515",1515,2016,"KRV",2,12,1
"1516",1516,2016,"KRV",2,12,1
"1517",1517,2016,"KRV",2,12,1
"1518",1518,2016,"KRV",1,12,1
"1519",1519,2016,"KRV",2,12,1
"1520",1520,2016,"KRV",2,12,1
"1521",1521,2016,"KRV",2,12,1
"1522",1522,2016,"KRV",2,12,1
"1523",1523,2016,"KRV",2,12,1
"1524",1524,2016,"KRV",1,12,1
"1525",1525,2016,"KRV",1,12,1
"1526",1526,2016,"KRV",1,12,1
"1527",1527,2016,"KRV",4,12,1
"1528",1528,2016,"KRV",1,12,1
"1529",1529,2016,"KRV",2,12,1
"1530",1530,2016,"KRV",2,12,1
"1531",1531,2016,"KRV",1,12,1
"1532",1532,2016,"KRV",3,12,1
"1533",1533,2016,"KRV",2,12,1
"1534",1534,2016,"KRV",2,12,1
"1535",1535,2016,"KRV",3,12,1
"1536",1536,2016,"KRV",3,12,1
"1537",1537,2016,"KRV",1,12,1
"1538",1538,2016,"KRV",1,12,1
"1539",1539,2016,"KRV",1,12,1
"1540",1540,2016,"KRV",3,12,1
"1541",1541,2016,"KRV",1,12,1
"1542",1542,2016,"KRV",3,12,1
"1543",1543,2016,"OKEE",1,7,1
"1544",1544,2016,"OKEE",1,7,1
"1545",1545,2016,"OKEE",3,7,1
"1546",1546,2016,"OKEE",1,7,1
"1547",1547,2016,"OKEE",3,7,1
"1548",1548,2016,"OKEE",3,7,1
"1549",1549,2016,"OKEE",3,7,1
"1550",1550,2016,"OKEE",1,7,1
"1551",1551,2016,"OKEE",2,7,1
"1552",1552,2016,"OKEE",2,7,1
"1553",1553,2016,"OKEE",2,7,1
"1554",1554,2016,"OKEE",1,7,1
"1555",1555,2016,"OKEE",1,7,1
"1556",1556,2016,"OKEE",2,7,1
"1557",1557,2016,"OKEE",3,7,1
"1558",1558,2016,"OKEE",1,7,1
"1559",1559,2016,"OKEE",2,7,1
"1560",1560,2016,"OKEE",2,7,1
"1561",1561,2016,"OKEE",2,7,1
"1562",1562,2016,"OKEE",3,7,1
"1563",1563,2016,"OKEE",3,7,1
"1564",1564,2016,"OKEE",3,7,1
"1565",1565,2016,"OKEE",3,7,1
"1566",1566,2016,"OKEE",2,7,1
"1567",1567,2016,"OKEE",2,7,1
"1568",1568,2016,"OKEE",2,7,1
"1569",1569,2016,"OKEE",2,7,1
"1570",1570,2016,"OKEE",3,7,1
"1571",1571,2016,"OKEE",3,7,1
"1572",1572,2016,"OKEE",2,7,1
"1573",1573,2016,"OKEE",2,7,1
"1574",1574,2016,"OKEE",1,7,1
"1575",1575,2016,"OKEE",2,7,1
"1576",1576,2016,"OKEE",2,7,1
"1577",1577,2016,"OKEE",2,7,1
"1578",1578,2016,"OKEE",1,7,1
"1579",1579,2016,"OKEE",3,7,1
"1580",1580,2016,"OKEE",1,7,1
"1581",1581,2016,"OKEE",3,7,1
"1582",1582,2016,"OKEE",3,7,1
"1583",1583,2016,"OKEE",3,7,1
"1584",1584,2016,"OKEE",2,7,1
"1585",1585,2016,"OKEE",1,7,1
"1586",1586,2016,"OKEE",1,7,1
"1587",1587,2016,"OKEE",1,7,1
"1588",1588,2016,"OKEE",2,7,1
"1589",1589,2016,"OKEE",2,7,1
"1590",1590,2016,"OKEE",2,7,1
"1591",1591,2016,"OKEE",2,7,1
"1592",1592,2016,"OKEE",1,7,1
"1593",1593,2016,"OKEE",2,7,1
"1594",1594,2016,"OKEE",1,7,1
"1595",1595,2016,"OKEE",3,7,1
"1596",1596,2016,"OKEE",3,7,1
"1597",1597,2016,"OKEE",1,7,1
"1598",1598,2016,"OKEE",2,7,1
"1599",1599,2016,"OKEE",2,7,1
"1600",1600,2016,"OKEE",1,7,1
"1601",1601,2016,"OKEE",1,7,1
"1602",1602,2016,"OKEE",2,7,1
"1603",1603,2016,"OKEE",2,7,1
"1604",1604,2016,"OKEE",3,7,1
"1605",1605,2016,"OKEE",3,7,1
"1606",1606,2016,"OKEE",3,7,1
"1607",1607,2016,"OKEE",2,7,1
"1608",1608,2016,"OKEE",1,7,1
"1609",1609,2016,"OKEE",1,7,1
"1610",1610,2016,"OKEE",1,7,1
"1611",1611,2016,"OKEE",1,7,1
"1612",1612,2016,"OKEE",2,7,1
"1613",1613,2016,"OKEE",2,7,1
"1614",1614,2016,"OKEE",2,7,1
"1615",1615,2016,"OKEE",3,7,1
"1616",1616,2016,"OKEE",2,7,1
"1617",1617,2016,"OKEE",2,7,1
"1618",1618,2016,"OKEE",1,7,1
"1619",1619,2016,"OKEE",2,7,1
"1620",1620,2016,"OKEE",1,7,1
"1621",1621,2016,"OKEE",1,7,1
"1622",1622,2016,"OKEE",3,7,1
"1623",1623,2016,"OKEE",2,7,1
"1624",1624,2016,"OKEE",1,7,1
"1625",1625,2016,"OKEE",3,7,1
"1626",1626,2016,"OKEE",2,7,1
"1627",1627,2016,"OKEE",3,7,1
"1628",1628,2016,"OKEE",3,7,1
"1629",1629,2016,"OKEE",2,7,1
"1630",1630,2016,"OKEE",3,7,1
"1631",1631,2016,"OKEE",2,7,1
"1632",1632,2016,"OKEE",2,7,1
"1633",1633,2016,"OKEE",3,7,1
"1634",1634,2016,"OKEE",3,7,1
"1635",1635,2016,"OKEE",2,7,1
"1636",1636,2016,"OKEE",2,7,1
"1637",1637,2016,"OKEE",3,7,1
"1638",1638,2016,"OKEE",3,7,1
"1639",1639,2016,"OKEE",3,7,1
"1640",1640,2016,"OKEE",2,7,1
"1641",1641,2016,"OKEE",1,7,1
"1642",1642,2016,"OKEE",3,7,1
"1643",1643,2016,"OKEE",3,7,1
"1644",1644,2016,"OKEE",3,7,1
"1645",1645,2016,"OKEE",3,7,1
"1646",1646,2016,"OKEE",3,7,1
"1647",1647,2016,"OKEE",3,7,1
"1648",1648,2016,"OKEE",3,7,1
"1649",1649,2016,"OKEE",2,7,1
"1650",1650,2016,"OKEE",2,7,1
"1651",1651,2016,"OKEE",3,7,1
"1652",1652,2016,"OKEE",3,7,1
"1653",1653,2016,"OKEE",1,7,1
"1654",1654,2016,"OKEE",3,7,1
"1655",1655,2016,"OKEE",3,7,1
"1656",1656,2016,"OKEE",3,7,1
"1657",1657,2016,"OKEE",1,7,1
"1658",1658,2016,"OKEE",2,7,1
"1659",1659,2016,"OKEE",1,7,1
"1660",1660,2016,"OKEE",1,7,1
"1661",1661,2016,"OKEE",3,7,1
"1662",1662,2016,"OKEE",2,7,1
"1663",1663,2016,"OKEE",1,7,1
"1664",1664,2016,"OKEE",1,7,1
"1665",1665,2016,"SJM",2,1,1
"1666",1666,2016,"SJM",1,1,1
"1667",1667,2016,"SJM",1,1,1
"1668",1668,2016,"SJM",2,1,1
"1669",1669,2016,"SJM",1,1,1
"1670",1670,2016,"SJM",3,1,1
"1671",1671,2016,"SJM",3,1,1
"1672",1672,2016,"SJM",1,1,1
"1673",1673,2016,"SJM",1,1,1
"1674",1674,2016,"SJM",1,1,1
"1675",1675,2016,"SJM",2,1,1
"1676",1676,2016,"SJM",3,1,1
"1677",1677,2016,"SJM",1,1,1
"1678",1678,2016,"SJM",4,1,1
"1679",1679,2016,"SJM",1,1,1
"1680",1680,2016,"SJM",2,1,1
"1681",1681,2016,"SJM",1,1,1
"1682",1682,2016,"SJM",4,1,1
"1683",1683,2016,"SJM",1,1,1
"1684",1684,2016,"SJM",2,1,1
"1685",1685,2016,"SJM",1,1,1
"1686",1686,2016,"SJM",1,1,1
"1687",1687,2016,"SJM",3,1,1
"1688",1688,2016,"SJM",3,1,1
"1689",1689,2016,"SJM",1,1,1
"1690",1690,2016,"SJM",1,1,1
"1691",1691,2016,"SJM",2,1,1
"1692",1692,2016,"SJM",3,1,1
"1693",1693,2016,"SJM",2,1,1
"1694",1694,2016,"SJM",1,1,1
"1695",1695,2016,"SJM",2,1,1
"1696",1696,2016,"SJM",1,1,1
"1697",1697,2016,"SJM",2,1,1
"1698",1698,2016,"SJM",1,1,1
"1699",1699,2016,"SJM",3,1,1
"1700",1700,2016,"SJM",1,1,1
"1701",1701,2016,"SJM",1,1,1
"1702",1702,2016,"SJM",2,1,1
"1703",1703,2016,"SJM",2,1,1
"1704",1704,2016,"SJM",3,1,1
"1705",1705,2016,"SJM",1,1,1
"1706",1706,2016,"SJM",1,1,1
"1707",1707,2016,"SJM",3,1,1
"1708",1708,2016,"SJM",2,1,1
"1709",1709,2016,"SJM",1,1,1
"1710",1710,2016,"SJM",2,1,1
"1711",1711,2016,"SJM",1,1,1
"1712",1712,2016,"SJM",3,1,1
"1713",1713,2016,"SJM",1,1,1
"1714",1714,2016,"SJM",2,1,1
"1715",1715,2016,"SJM",2,1,1
"1716",1716,2016,"SJM",3,1,1
"1717",1717,2016,"SJM",2,1,1
"1718",1718,2016,"SJM",1,1,1
"1719",1719,2016,"SJM",1,1,1
"1720",1720,2016,"SJM",1,1,1
"1721",1721,2016,"SJM",1,1,1
"1722",1722,2016,"SJM",2,1,1
"1723",1723,2016,"SJM",1,1,1
"1724",1724,2016,"SJM",1,1,1
"1725",1725,2016,"SJM",2,1,1
"1726",1726,2016,"SJM",1,1,1
"1727",1727,2016,"SJM",3,1,1
"1728",1728,2016,"SJM",2,1,1
"1729",1729,2016,"SJM",3,1,1
"1730",1730,2016,"SJM",2,1,1
"1731",1731,2016,"SJM",1,1,1
"1732",1732,2016,"SJM",3,1,1
"1733",1733,2016,"SJM",1,1,1
"1734",1734,2016,"SJM",2,1,1
"1735",1735,2016,"SJM",1,1,1
"1736",1736,2016,"SJM",2,1,1
"1737",1737,2016,"SJM",1,1,1
"1738",1738,2016,"SJM",2,1,1
"1739",1739,2016,"SJM",1,1,1
"1740",1740,2016,"SJM",2,1,1
"1741",1741,2016,"SJM",2,1,1
"1742",1742,2016,"SJM",2,1,1
"1743",1743,2016,"SJM",2,1,1
"1744",1744,2016,"SJM",3,1,1
"1745",1745,2016,"SJM",2,1,1
"1746",1746,2016,"SJM",2,1,1
"1747",1747,2016,"SJM",2,1,1
"1748",1748,2016,"SJM",3,1,1
"1749",1749,2017,"EVER",2,5,1
"1750",1750,2017,"EVER",1,5,1
"1751",1751,2017,"EVER",2,5,1
"1752",1752,2017,"EVER",1,5,1
"1753",1753,2017,"EVER",3,5,1
"1754",1754,2017,"EVER",2,5,1
"1755",1755,2017,"EVER",2,5,1
"1756",1756,2017,"EVER",3,5,1
"1757",1757,2017,"EVER",3,5,1
"1758",1758,2017,"EVER",1,5,1
"1759",1759,2017,"EVER",2,5,1
"1760",1760,2017,"EVER",1,5,1
"1761",1761,2017,"EVER",1,5,1
"1762",1762,2017,"EVER",1,5,1
"1763",1763,2017,"EVER",3,5,1
"1764",1764,2017,"EVER",1,5,1
"1765",1765,2017,"EVER",3,5,1
"1766",1766,2017,"EVER",3,5,1
"1767",1767,2017,"EVER",1,5,1
"1768",1768,2017,"EVER",2,5,1
"1769",1769,2017,"EVER",2,5,1
"1770",1770,2017,"EVER",2,5,1
"1771",1771,2017,"KRV",2,13,1
"1772",1772,2017,"KRV",1,13,1
"1773",1773,2017,"KRV",2,13,1
"1774",1774,2017,"KRV",2,13,1
"1775",1775,2017,"KRV",3,13,1
"1776",1776,2017,"KRV",3,13,1
"1777",1777,2017,"KRV",2,13,1
"1778",1778,2017,"KRV",2,13,1
"1779",1779,2017,"KRV",2,13,1
"1780",1780,2017,"KRV",1,13,1
"1781",1781,2017,"KRV",1,13,1
"1782",1782,2017,"KRV",1,13,1
"1783",1783,2017,"KRV",3,13,1
"1784",1784,2017,"KRV",1,13,1
"1785",1785,2017,"KRV",1,13,1
"1786",1786,2017,"KRV",2,13,1
"1787",1787,2017,"KRV",2,13,1
"1788",1788,2017,"KRV",3,13,1
"1789",1789,2017,"KRV",3,13,1
"1790",1790,2017,"KRV",2,13,1
"1791",1791,2017,"KRV",2,13,1
"1792",1792,2017,"KRV",2,13,1
"1793",1793,2017,"KRV",2,13,1
"1794",1794,2017,"KRV",2,13,1
"1795",1795,2017,"OKEE",2,8,1
"1796",1796,2017,"OKEE",1,8,1
"1797",1797,2017,"OKEE",3,8,1
"1798",1798,2017,"OKEE",3,8,1
"1799",1799,2017,"OKEE",2,8,1
"1800",1800,2017,"OKEE",2,8,1
"1801",1801,2017,"OKEE",2,8,1
"1802",1802,2017,"OKEE",2,8,1
"1803",1803,2017,"OKEE",3,8,1
"1804",1804,2017,"OKEE",3,8,1
"1805",1805,2017,"OKEE",3,8,1
"1806",1806,2017,"OKEE",3,8,1
"1807",1807,2017,"OKEE",1,8,1
"1808",1808,2017,"OKEE",2,8,1
"1809",1809,2017,"OKEE",2,8,1
"1810",1810,2017,"OKEE",1,8,1
"1811",1811,2017,"OKEE",1,8,1
"1812",1812,2017,"OKEE",3,8,1
"1813",1813,2017,"OKEE",2,8,1
"1814",1814,2017,"OKEE",1,8,1
"1815",1815,2017,"OKEE",2,8,1
"1816",1816,2017,"OKEE",1,8,1
"1817",1817,2017,"OKEE",1,8,1
"1818",1818,2017,"SJM",3,2,1
"1819",1819,2017,"SJM",1,2,1
"1820",1820,2017,"SJM",1,2,1
"1821",1821,2017,"SJM",2,2,1
"1822",1822,2017,"SJM",3,2,1
"1823",1823,2017,"SJM",2,2,1
"1824",1824,2017,"SJM",2,2,1
"1825",1825,2017,"SJM",2,2,1
"1826",1826,2017,"SJM",3,2,1
"1827",1827,2017,"SJM",1,2,1
"1828",1828,2017,"SJM",2,2,1
"1829",1829,2018,"EAST",1,3,1
"1830",1830,2018,"EAST",3,3,1
"1831",1831,2018,"EAST",2,3,1
"1832",1832,2018,"EAST",1,3,1
"1833",1833,2018,"EAST",2,3,1
"1834",1834,2018,"EAST",2,3,1
"1835",1835,2018,"EAST",1,3,1
"1836",1836,2018,"EAST",3,3,1
"1837",1837,2018,"EAST",1,3,1
"1838",1838,2018,"EAST",1,3,1
"1839",1839,2018,"EAST",3,3,1
"1840",1840,2018,"EAST",1,3,1
"1841",1841,2018,"EAST",2,3,1
"1842",1842,2018,"EAST",2,3,1
"1843",1843,2018,"EAST",2,3,1
"1844",1844,2018,"EAST",3,3,1
"1845",1845,2018,"EVER",2,6,1
"1846",1846,2018,"EVER",2,6,1
"1847",1847,2018,"EVER",1,6,1
"1848",1848,2018,"EVER",1,6,1
"1849",1849,2018,"EVER",1,6,1
"1850",1850,2018,"EVER",1,6,1
"1851",1851,2018,"EVER",3,6,1
"1852",1852,2018,"EVER",1,6,1
"1853",1853,2018,"EVER",3,6,1
"1854",1854,2018,"EVER",2,6,1
"1855",1855,2018,"EVER",2,6,1
"1856",1856,2018,"EVER",4,6,1
"1857",1857,2018,"EVER",1,6,1
"1858",1858,2018,"EVER",2,6,1
"1859",1859,2018,"EVER",3,6,1
"1860",1860,2018,"EVER",2,6,1
"1861",1861,2018,"EVER",2,6,1
"1862",1862,2018,"EVER",1,6,1
"1863",1863,2018,"EVER",2,6,1
"1864",1864,2018,"EVER",1,6,1
"1865",1865,2018,"EVER",3,6,1
"1866",1866,2018,"EVER",2,6,1
"1867",1867,2018,"EVER",1,6,1
"1868",1868,2018,"EVER",1,6,1
"1869",1869,2018,"EVER",2,6,1
"1870",1870,2018,"EVER",2,6,1
"1871",1871,2018,"EVER",2,6,1
"1872",1872,2018,"EVER",1,6,1
"1873",1873,2018,"EVER",3,6,1
"1874",1874,2018,"EVER",2,6,1
"1875",1875,2018,"EVER",3,6,1
"1876",1876,2018,"EVER",2,6,1
"1877",1877,2018,"EVER",3,6,1
"1878",1878,2018,"EVER",2,6,1
"1879",1879,2018,"EVER",1,6,1
"1880",1880,2018,"EVER",2,6,1
"1881",1881,2018,"EVER",2,6,1
"1882",1882,2018,"EVER",1,6,1
"1883",1883,2018,"EVER",3,6,1
"1884",1884,2018,"EVER",3,6,1
"1885",1885,2018,"EVER",2,6,1
"1886",1886,2018,"EVER",3,6,1
"1887",1887,2018,"EVER",3,6,1
"1888",1888,2018,"EVER",3,6,1
"1889",1889,2018,"EVER",3,6,1
"1890",1890,2018,"EVER",3,6,1
"1891",1891,2018,"EVER",3,6,1
"1892",1892,2018,"EVER",2,6,1
"1893",1893,2018,"EVER",3,6,1
"1894",1894,2018,"EVER",3,6,1
"1895",1895,2018,"EVER",3,6,1
"1896",1896,2018,"EVER",2,6,1
"1897",1897,2018,"EVER",3,6,1
"1898",1898,2018,"EVER",3,6,1
"1899",1899,2018,"EVER",1,6,1
"1900",1900,2018,"EVER",2,6,1
"1901",1901,2018,"EVER",1,6,1
"1902",1902,2018,"EVER",1,6,1
"1903",1903,2018,"EVER",2,6,1
"1904",1904,2018,"EVER",3,6,1
"1905",1905,2018,"EVER",3,6,1
"1906",1906,2018,"EVER",3,6,1
"1907",1907,2018,"EVER",2,6,1
"1908",1908,2018,"EVER",3,6,1
"1909",1909,2018,"EVER",2,6,1
"1910",1910,2018,"EVER",3,6,1
"1911",1911,2018,"EVER",2,6,1
"1912",1912,2018,"EVER",3,6,1
"1913",1913,2018,"EVER",2,6,1
"1914",1914,2018,"EVER",3,6,1
"1915",1915,2018,"EVER",2,6,1
"1916",1916,2018,"EVER",2,6,1
"1917",1917,2018,"EVER",3,6,1
"1918",1918,2018,"EVER",2,6,1
"1919",1919,2018,"EVER",3,6,1
"1920",1920,2018,"EVER",2,6,1
"1921",1921,2018,"EVER",1,6,1
"1922",1922,2018,"EVER",2,6,1
"1923",1923,2018,"EVER",1,6,1
"1924",1924,2018,"EVER",3,6,1
"1925",1925,2018,"EVER",2,6,1
"1926",1926,2018,"EVER",3,6,1
"1927",1927,2018,"EVER",1,6,1
"1928",1928,2018,"EVER",1,6,1
"1929",1929,2018,"EVER",3,6,1
"1930",1930,2018,"EVER",3,6,1
"1931",1931,2018,"EVER",1,6,1
"1932",1932,2018,"EVER",1,6,1
"1933",1933,2018,"KRV",2,14,1
"1934",1934,2018,"KRV",1,14,1
"1935",1935,2018,"KRV",3,14,1
"1936",1936,2018,"KRV",1,14,1
"1937",1937,2018,"KRV",2,14,1
"1938",1938,2018,"KRV",1,14,1
"1939",1939,2018,"KRV",1,14,1
"1940",1940,2018,"KRV",2,14,1
"1941",1941,2018,"KRV",1,14,1
"1942",1942,2018,"KRV",1,14,1
"1943",1943,2018,"KRV",2,14,1
"1944",1944,2018,"KRV",3,14,1
"1945",1945,2018,"KRV",1,14,1
"1946",1946,2018,"KRV",2,14,1
"1947",1947,2018,"KRV",2,14,1
"1948",1948,2018,"KRV",1,14,1
"1949",1949,2018,"KRV",1,14,1
"1950",1950,2018,"KRV",1,14,1
"1951",1951,2018,"KRV",3,14,1
"1952",1952,2018,"KRV",3,14,1
"1953",1953,2018,"KRV",3,14,1
"1954",1954,2018,"KRV",2,14,1
"1955",1955,2018,"KRV",1,14,1
"1956",1956,2018,"KRV",1,14,1
"1957",1957,2018,"KRV",3,14,1
"1958",1958,2018,"KRV",1,14,1
"1959",1959,2018,"KRV",2,14,1
"1960",1960,2018,"KRV",3,14,1
"1961",1961,2018,"KRV",3,14,1
"1962",1962,2018,"KRV",1,14,1
"1963",1963,2018,"KRV",1,14,1
"1964",1964,2018,"KRV",3,14,1
"1965",1965,2018,"KRV",3,14,1
"1966",1966,2018,"KRV",1,14,1
"1967",1967,2018,"KRV",1,14,1
"1968",1968,2018,"KRV",1,14,1
"1969",1969,2018,"KRV",1,14,1
"1970",1970,2018,"KRV",3,14,1
"1971",1971,2018,"KRV",2,14,1
"1972",1972,2018,"KRV",2,14,1
"1973",1973,2018,"KRV",3,14,1
"1974",1974,2018,"KRV",2,14,1
"1975",1975,2018,"KRV",3,14,1
"1976",1976,2018,"KRV",1,14,1
"1977",1977,2018,"KRV",4,14,1
"1978",1978,2018,"KRV",3,14,1
"1979",1979,2018,"KRV",2,14,1
"1980",1980,2018,"KRV",2,14,1
"1981",1981,2018,"KRV",3,14,1
"1982",1982,2018,"KRV",2,14,1
"1983",1983,2018,"KRV",2,14,1
"1984",1984,2018,"KRV",3,14,1
"1985",1985,2018,"KRV",3,14,1
"1986",1986,2018,"KRV",3,14,1
"1987",1987,2018,"KRV",1,14,1
"1988",1988,2018,"KRV",1,14,1
"1989",1989,2018,"KRV",1,14,1
"1990",1990,2018,"KRV",1,14,1
"1991",1991,2018,"KRV",1,14,1
"1992",1992,2018,"KRV",2,14,1
"1993",1993,2018,"KRV",2,14,1
"1994",1994,2018,"KRV",3,14,1
"1995",1995,2018,"KRV",1,14,1
"1996",1996,2018,"KRV",3,14,1
"1997",1997,2018,"KRV",3,14,1
"1998",1998,2018,"KRV",1,14,1
"1999",1999,2018,"KRV",2,14,1
"2000",2000,2018,"KRV",2,14,1
"2001",2001,2018,"KRV",2,14,1
"2002",2002,2018,"KRV",2,14,1
"2003",2003,2018,"KRV",2,14,1
"2004",2004,2018,"KRV",2,14,1
"2005",2005,2018,"KRV",2,14,1
"2006",2006,2018,"KRV",2,14,1
"2007",2007,2018,"KRV",1,14,1
"2008",2008,2018,"KRV",1,14,1
"2009",2009,2018,"KRV",1,14,1
"2010",2010,2018,"KRV",2,14,1
"2011",2011,2018,"KRV",1,14,1
"2012",2012,2018,"KRV",2,14,1
"2013",2013,2018,"KRV",2,14,1
"2014",2014,2018,"KRV",2,14,1
"2015",2015,2018,"KRV",3,14,1
"2016",2016,2018,"KRV",1,14,1
"2017",2017,2018,"KRV",2,14,1
"2018",2018,2018,"KRV",1,14,1
"2019",2019,2018,"KRV",2,14,1
"2020",2020,2018,"KRV",1,14,1
"2021",2021,2018,"KRV",1,14,1
"2022",2022,2018,"KRV",3,14,1
"2023",2023,2018,"KRV",3,14,1
"2024",2024,2018,"OKEE",1,9,1
"2025",2025,2018,"OKEE",3,9,1
"2026",2026,2018,"OKEE",3,9,1
"2027",2027,2018,"OKEE",3,9,1
"2028",2028,2018,"OKEE",2,9,1
"2029",2029,2018,"OKEE",2,9,1
"2030",2030,2018,"OKEE",3,9,1
"2031",2031,2018,"OKEE",2,9,1
"2032",2032,2018,"OKEE",2,9,1
"2033",2033,2018,"OKEE",2,9,1
"2034",2034,2018,"OKEE",1,9,1
"2035",2035,2018,"OKEE",3,9,1
"2036",2036,2018,"OKEE",3,9,1
"2037",2037,2018,"OKEE",1,9,1
"2038",2038,2018,"OKEE",1,9,1
"2039",2039,2018,"OKEE",3,9,1
"2040",2040,2018,"OKEE",2,9,1
"2041",2041,2018,"OKEE",3,9,1
"2042",2042,2018,"OKEE",2,9,1
"2043",2043,2018,"OKEE",2,9,1
"2044",2044,2018,"OKEE",1,9,1
"2045",2045,2018,"OKEE",1,9,1
"2046",2046,2018,"OKEE",2,9,1
"2047",2047,2018,"OKEE",2,9,1
"2048",2048,2018,"OKEE",1,9,1
"2049",2049,2018,"OKEE",2,9,1
"2050",2050,2018,"OKEE",1,9,1
"2051",2051,2018,"OKEE",2,9,1
"2052",2052,2018,"OKEE",3,9,1
"2053",2053,2018,"OKEE",2,9,1
"2054",2054,2018,"OKEE",2,9,1
"2055",2055,2018,"OKEE",2,9,1
"2056",2056,2018,"OKEE",1,9,1
"2057",2057,2018,"OKEE",2,9,1
"2058",2058,2018,"OKEE",1,9,1
"2059",2059,2018,"OKEE",2,9,1
"2060",2060,2018,"OKEE",3,9,1
"2061",2061,2018,"OKEE",1,9,1
"2062",2062,2018,"OKEE",3,9,1
"2063",2063,2018,"OKEE",3,9,1
"2064",2064,2018,"OKEE",3,9,1
"2065",2065,2018,"OKEE",2,9,1
"2066",2066,2018,"OKEE",2,9,1
"2067",2067,2018,"OKEE",3,9,1
"2068",2068,2018,"OKEE",1,9,1
"2069",2069,2018,"OKEE",3,9,1
"2070",2070,2018,"OKEE",1,9,1
"2071",2071,2018,"OKEE",2,9,1
"2072",2072,2018,"OKEE",3,9,1
"2073",2073,2018,"OKEE",3,9,1
"2074",2074,2018,"OKEE",3,9,1
"2075",2075,2018,"OKEE",3,9,1
"2076",2076,2018,"OKEE",1,9,1
"2077",2077,2018,"OKEE",1,9,1
"2078",2078,2018,"OKEE",1,9,1
"2079",2079,2018,"OKEE",2,9,1
"2080",2080,2018,"OKEE",3,9,1
"2081",2081,2018,"OKEE",1,9,1
"2082",2082,2018,"OKEE",2,9,1
"2083",2083,2018,"OKEE",2,9,1
"2084",2084,2018,"OKEE",1,9,1
"2085",2085,2018,"OKEE",1,9,1
"2086",2086,2018,"OKEE",2,9,1
"2087",2087,2018,"OKEE",2,9,1
"2088",2088,2018,"OKEE",2,9,1
"2089",2089,2018,"OKEE",1,9,1
"2090",2090,2018,"OKEE",2,9,1
"2091",2091,2018,"OKEE",2,9,1
"2092",2092,2018,"OKEE",2,9,1
"2093",2093,2018,"OKEE",2,9,1
"2094",2094,2018,"OKEE",1,9,1
"2095",2095,2018,"OKEE",1,9,1
"2096",2096,2018,"OKEE",2,9,1
"2097",2097,2018,"OKEE",2,9,1
"2098",2098,2018,"OKEE",1,9,1
"2099",2099,2018,"OKEE",1,9,1
"2100",2100,2018,"OKEE",2,9,1
"2101",2101,2018,"OKEE",3,9,1
"2102",2102,2018,"OKEE",2,9,1
"2103",2103,2018,"OKEE",2,9,1
"2104",2104,2018,"OKEE",1,9,1
"2105",2105,2018,"OKEE",2,9,1
"2106",2106,2018,"OKEE",1,9,1
"2107",2107,2018,"OKEE",1,9,1
"2108",2108,2018,"OKEE",2,9,1
"2109",2109,2018,"OKEE",1,9,1
"2110",2110,2018,"OKEE",2,9,1
"2111",2111,2018,"PP",2,0,1
"2112",2112,2018,"PP",1,0,1
"2113",2113,2018,"PP",1,0,1
"2114",2114,2018,"SJM",2,3,1
"2115",2115,2018,"SJM",2,3,1
"2116",2116,2018,"SJM",2,3,1
"2117",2117,2018,"SJM",3,3,1
"2118",2118,2018,"SJM",1,3,1
"2119",2119,2018,"SJM",2,3,1
"2120",2120,2018,"SJM",1,3,1
"2121",2121,2018,"SJM",1,3,1
"2122",2122,2018,"SJM",2,3,1
"2123",2123,2018,"SJM",3,3,1
"2124",2124,2018,"SJM",1,3,1
"2125",2125,2018,"SJM",2,3,1
"2126",2126,2018,"SJM",3,3,1
"2127",2127,2018,"SJM",3,3,1
"2128",2128,2018,"SJM",3,3,1
"2129",2129,2018,"SJM",2,3,1
"2130",2130,2018,"SJM",3,3,1
"2131",2131,2019,"EAST",2,4,1
"2132",2132,2019,"EAST",2,4,1
"2133",2133,2019,"EAST",1,4,1
"2134",2134,2019,"EVER",2,7,1
"2135",2135,2019,"EVER",2,7,1
"2136",2136,2019,"EVER",1,7,1
"2137",2137,2019,"EVER",1,7,1
"2138",2138,2019,"EVER",1,7,1
"2139",2139,2019,"EVER",2,7,1
"2140",2140,2019,"EVER",1,7,1
"2141",2141,2019,"EVER",1,7,1
"2142",2142,2019,"EVER",1,7,1
"2143",2143,2019,"EVER",2,7,1
"2144",2144,2019,"EVER",1,7,1
"2145",2145,2019,"EVER",2,7,1
"2146",2146,2019,"EVER",1,7,1
"2147",2147,2019,"EVER",1,7,1
"2148",2148,2019,"EVER",1,7,1
"2149",2149,2019,"EVER",2,7,1
"2150",2150,2019,"KRV",3,15,1
"2151",2151,2019,"KRV",2,15,1
"2152",2152,2019,"KRV",3,15,1
"2153",2153,2019,"KRV",1,15,1
"2154",2154,2019,"KRV",1,15,1
"2155",2155,2019,"KRV",2,15,1
"2156",2156,2019,"KRV",1,15,1
"2157",2157,2019,"KRV",1,15,1
"2158",2158,2019,"KRV",3,15,1
"2159",2159,2019,"KRV",2,15,1
"2160",2160,2019,"KRV",2,15,1
"2161",2161,2019,"KRV",1,15,1
"2162",2162,2019,"KRV",2,15,1
"2163",2163,2019,"KRV",1,15,1
"2164",2164,2019,"KRV",1,15,1
"2165",2165,2019,"KRV",3,15,1
"2166",2166,2019,"KRV",2,15,1
"2167",2167,2019,"KRV",2,15,1
"2168",2168,2019,"KRV",2,15,1
"2169",2169,2019,"KRV",2,15,1
"2170",2170,2019,"KRV",2,15,1
"2171",2171,2019,"KRV",2,15,1
"2172",2172,2019,"KRV",3,15,1
"2173",2173,2019,"KRV",1,15,1
"2174",2174,2019,"KRV",1,15,1
"2175",2175,2019,"KRV",1,15,1
"2176",2176,2019,"KRV",1,15,1
"2177",2177,2019,"KRV",2,15,1
"2178",2178,2019,"KRV",2,15,1
"2179",2179,2019,"KRV",2,15,1
"2180",2180,2019,"KRV",2,15,1
"2181",2181,2019,"KRV",1,15,1
"2182",2182,2019,"KRV",2,15,1
"2183",2183,2019,"KRV",1,15,1
"2184",2184,2019,"KRV",2,15,1
"2185",2185,2019,"KRV",1,15,1
"2186",2186,2019,"KRV",1,15,1
"2187",2187,2019,"KRV",2,15,1
"2188",2188,2019,"KRV",2,15,1
"2189",2189,2019,"KRV",3,15,1
"2190",2190,2019,"KRV",1,15,1
"2191",2191,2019,"KRV",1,15,1
"2192",2192,2019,"KRV",2,15,1
"2193",2193,2019,"KRV",2,15,1
"2194",2194,2019,"KRV",2,15,1
"2195",2195,2019,"KRV",1,15,1
"2196",2196,2019,"KRV",1,15,1
"2197",2197,2019,"OKEE",1,10,1
"2198",2198,2019,"PP",2,1,1
"2199",2199,2019,"PP",3,1,1
"2200",2200,2019,"PP",3,1,1
"2201",2201,2019,"PP",2,1,1
"2202",2202,2019,"PP",1,1,1
"2203",2203,2019,"PP",3,1,1
"2204",2204,2019,"PP",1,1,1
"2205",2205,2019,"PP",2,1,1
"2206",2206,2019,"PP",3,1,1
"2207",2207,2019,"PP",2,1,1
"2208",2208,2019,"PP",3,1,1
"2209",2209,2019,"PP",1,1,1
"2210",2210,2019,"PP",1,1,1
"2211",2211,2019,"PP",1,1,1
"2212",2212,2019,"PP",3,1,1
"2213",2213,2019,"PP",1,1,1
"2214",2214,2019,"PP",3,1,1
"2215",2215,2019,"PP",2,1,1
"2216",2216,2019,"PP",2,1,1
"2217",2217,2019,"PP",1,1,1
"2218",2218,2019,"PP",3,1,1
"2219",2219,2019,"PP",3,1,1
"2220",2220,2019,"PP",1,1,1
"2221",2221,2019,"PP",1,1,1
"2222",2222,2019,"PP",3,1,1
"2223",2223,2019,"PP",3,1,1
"2224",2224,2019,"PP",3,1,1
"2225",2225,2019,"PP",1,1,1
"2226",2226,2019,"PP",3,1,1
"2227",2227,2019,"SJM",2,4,1
"2228",2228,2019,"SJM",2,4,1
"2229",2229,2019,"SJM",2,4,1
"2230",2230,2019,"SJM",2,4,1
"2231",2231,2019,"SJM",2,4,1
"2232",2232,2019,"SJM",3,4,1
"2233",2233,2019,"SJM",1,4,1
"2234",2234,2019,"SJM",3,4,1
"2235",2235,2019,"SJM",3,4,1
"2236",2236,2019,"SJM",1,4,1
"2237",2237,2019,"SJM",2,4,1
"2238",2238,2019,"SJM",1,4,1
"2239",2239,2019,"SJM",3,4,1
"2240",2240,2020,"EAST",1,5,1
"2241",2241,2020,"EAST",2,5,1
"2242",2242,2020,"EAST",2,5,1
"2243",2243,2020,"EAST",1,5,1
"2244",2244,2020,"EAST",1,5,1
"2245",2245,2020,"EAST",2,5,1
"2246",2246,2020,"EAST",2,5,1
"2247",2247,2020,"EAST",2,5,1
"2248",2248,2020,"EAST",1,5,1
"2249",2249,2020,"EAST",1,5,1
"2250",2250,2020,"EAST",3,5,1
"2251",2251,2020,"EAST",1,5,1
"2252",2252,2020,"EAST",1,5,1
"2253",2253,2020,"EAST",1,5,1
"2254",2254,2020,"EAST",1,5,1
"2255",2255,2020,"EAST",1,5,1
"2256",2256,2020,"EAST",3,5,1
"2257",2257,2020,"EAST",3,5,1
"2258",2258,2020,"EAST",3,5,1
"2259",2259,2020,"EAST",1,5,1
"2260",2260,2020,"EAST",2,5,1
"2261",2261,2020,"EAST",1,5,1
"2262",2262,2020,"EAST",2,5,1
"2263",2263,2020,"EAST",3,5,1
"2264",2264,2020,"EAST",2,5,1
"2265",2265,2020,"EAST",2,5,1
"2266",2266,2020,"EAST",3,5,1
"2267",2267,2020,"EAST",3,5,1
"2268",2268,2020,"EAST",2,5,1
"2269",2269,2020,"EAST",2,5,1
"2270",2270,2020,"EAST",1,5,1
"2271",2271,2020,"EAST",2,5,1
"2272",2272,2020,"KRV",3,16,1
"2273",2273,2020,"KRV",1,16,1
"2274",2274,2020,"KRV",1,16,1
"2275",2275,2020,"KRV",1,16,1
"2276",2276,2020,"KRV",2,16,1
"2277",2277,2020,"KRV",1,16,1
"2278",2278,2020,"KRV",1,16,1
"2279",2279,2020,"KRV",3,16,1
"2280",2280,2020,"KRV",1,16,1
"2281",2281,2020,"KRV",1,16,1
"2282",2282,2020,"KRV",1,16,1
"2283",2283,2020,"KRV",2,16,1
"2284",2284,2020,"KRV",1,16,1
"2285",2285,2020,"KRV",2,16,1
"2286",2286,2020,"KRV",1,16,1
"2287",2287,2020,"KRV",2,16,1
"2288",2288,2020,"KRV",2,16,1
"2289",2289,2020,"KRV",2,16,1
"2290",2290,2020,"KRV",2,16,1
"2291",2291,2020,"KRV",2,16,1
"2292",2292,2020,"KRV",1,16,1
"2293",2293,2020,"KRV",1,16,1
"2294",2294,2020,"KRV",3,16,1
"2295",2295,2020,"KRV",1,16,1
"2296",2296,2020,"KRV",2,16,1
"2297",2297,2020,"KRV",3,16,1
"2298",2298,2020,"KRV",1,16,1
"2299",2299,2020,"KRV",1,16,1
"2300",2300,2020,"PP",2,2,1
"2301",2301,2020,"PP",3,2,1
"2302",2302,2020,"PP",1,2,1
"2303",2303,2020,"PP",2,2,1
"2304",2304,2020,"PP",3,2,1
"2305",2305,2020,"PP",2,2,1
"2306",2306,2020,"PP",2,2,1
"2307",2307,2021,"EAST",1,6,1
"2308",2308,2021,"EAST",1,6,1
"2309",2309,2021,"EAST",1,6,1
"2310",2310,2021,"EAST",1,6,1
"2311",2311,2021,"EAST",1,6,1
"2312",2312,2021,"EAST",2,6,1
"2313",2313,2021,"EAST",3,6,1
"2314",2314,2021,"EAST",1,6,1
"2315",2315,2021,"EAST",1,6,1
"2316",2316,2021,"EAST",2,6,1
"2317",2317,2021,"EAST",3,6,1
"2318",2318,2021,"EAST",2,6,1
"2319",2319,2021,"EAST",1,6,1
"2320",2320,2021,"EAST",2,6,1
"2321",2321,2021,"EAST",1,6,1
"2322",2322,2021,"EAST",1,6,1
"2323",2323,2021,"EAST",1,6,1
"2324",2324,2021,"EAST",2,6,1
"2325",2325,2021,"EAST",1,6,1
"2326",2326,2021,"EAST",2,6,1
"2327",2327,2021,"EAST",1,6,1
"2328",2328,2021,"EAST",2,6,1
"2329",2329,2021,"EAST",1,6,1
"2330",2330,2021,"EAST",1,6,1
"2331",2331,2021,"EAST",1,6,1
"2332",2332,2021,"EAST",1,6,1
"2333",2333,2021,"EAST",1,6,1
"2334",2334,2021,"EAST",1,6,1
"2335",2335,2021,"EAST",1,6,1
"2336",2336,2021,"EAST",1,6,1
"2337",2337,2021,"EAST",1,6,1
"2338",2338,2021,"EAST",1,6,1
"2339",2339,2021,"EAST",2,6,1
"2340",2340,2021,"EAST",2,6,1
"2341",2341,2021,"EAST",1,6,1
"2342",2342,2021,"EAST",2,6,1
"2343",2343,2021,"EAST",2,6,1
"2344",2344,2021,"EAST",1,6,1
"2345",2345,2021,"EAST",3,6,1
"2346",2346,2021,"EAST",2,6,1
"2347",2347,2021,"EAST",2,6,1
"2348",2348,2021,"EAST",2,6,1
"2349",2349,2021,"EAST",2,6,1
"2350",2350,2021,"EAST",3,6,1
"2351",2351,2021,"EAST",2,6,1
"2352",2352,2021,"EAST",1,6,1
"2353",2353,2021,"EAST",1,6,1
"2354",2354,2021,"EAST",1,6,1
"2355",2355,2021,"EVER",2,9,1
"2356",2356,2021,"EVER",2,9,1
"2357",2357,2021,"EVER",2,9,1
"2358",2358,2021,"EVER",1,9,1
"2359",2359,2021,"EVER",2,9,1
"2360",2360,2021,"EVER",1,9,1
"2361",2361,2021,"EVER",2,9,1
"2362",2362,2021,"EVER",3,9,1
"2363",2363,2021,"EVER",3,9,1
"2364",2364,2021,"EVER",2,9,1
"2365",2365,2021,"EVER",1,9,1
"2366",2366,2021,"EVER",1,9,1
"2367",2367,2021,"EVER",1,9,1
"2368",2368,2021,"EVER",2,9,1
"2369",2369,2021,"EVER",2,9,1
"2370",2370,2021,"EVER",1,9,1
"2371",2371,2021,"EVER",3,9,1
"2372",2372,2021,"EVER",3,9,1
"2373",2373,2021,"EVER",1,9,1
"2374",2374,2021,"EVER",2,9,1
"2375",2375,2021,"EVER",1,9,1
"2376",2376,2021,"EVER",1,9,1
"2377",2377,2021,"EVER",1,9,1
"2378",2378,2021,"EVER",2,9,1
"2379",2379,2021,"EVER",1,9,1
"2380",2380,2021,"EVER",2,9,1
"2381",2381,2021,"EVER",2,9,1
"2382",2382,2021,"EVER",1,9,1
"2383",2383,2021,"EVER",2,9,1
"2384",2384,2021,"KRV",2,17,1
"2385",2385,2021,"KRV",1,17,1
"2386",2386,2021,"KRV",2,17,1
"2387",2387,2021,"KRV",3,17,1
"2388",2388,2021,"KRV",1,17,1
"2389",2389,2021,"KRV",3,17,1
"2390",2390,2021,"KRV",2,17,1
"2391",2391,2021,"KRV",2,17,1
"2392",2392,2021,"KRV",2,17,1
"2393",2393,2021,"KRV",1,17,1
"2394",2394,2021,"KRV",1,17,1
"2395",2395,2021,"KRV",2,17,1
"2396",2396,2021,"KRV",1,17,1
"2397",2397,2021,"KRV",1,17,1
"2398",2398,2021,"KRV",2,17,1
"2399",2399,2021,"KRV",3,17,1
"2400",2400,2021,"KRV",2,17,1
"2401",2401,2021,"KRV",1,17,1
"2402",2402,2021,"KRV",2,17,1
"2403",2403,2021,"KRV",2,17,1
"2404",2404,2021,"KRV",3,17,1
"2405",2405,2021,"KRV",2,17,1
"2406",2406,2021,"KRV",1,17,1
"2407",2407,2021,"KRV",2,17,1
"2408",2408,2021,"KRV",3,17,1
"2409",2409,2021,"KRV",1,17,1
"2410",2410,2021,"KRV",1,17,1
"2411",2411,2021,"KRV",3,17,1
"2412",2412,2021,"KRV",2,17,1
"2413",2413,2021,"KRV",2,17,1
"2414",2414,2021,"KRV",1,17,1
"2415",2415,2021,"KRV",1,17,1
"2416",2416,2021,"KRV",3,17,1
"2417",2417,2021,"KRV",1,17,1
"2418",2418,2021,"KRV",2,17,1
"2419",2419,2021,"KRV",1,17,1
"2420",2420,2021,"OKEE",2,12,1
"2421",2421,2021,"OKEE",1,12,1
"2422",2422,2021,"OKEE",2,12,1
"2423",2423,2021,"OKEE",3,12,1
"2424",2424,2021,"OKEE",2,12,1
"2425",2425,2021,"OKEE",3,12,1
"2426",2426,2021,"OKEE",1,12,1
"2427",2427,2021,"OKEE",1,12,1
"2428",2428,2021,"OKEE",2,12,1
"2429",2429,2021,"OKEE",3,12,1
"2430",2430,2021,"OKEE",2,12,1
"2431",2431,2021,"OKEE",2,12,1
"2432",2432,2021,"OKEE",2,12,1
"2433",2433,2021,"OKEE",3,12,1
"2434",2434,2021,"OKEE",3,12,1
"2435",2435,2021,"OKEE",2,12,1
"2436",2436,2021,"OKEE",3,12,1
"2437",2437,2021,"OKEE",3,12,1
"2438",2438,2021,"OKEE",2,12,1
"2439",2439,2021,"OKEE",2,12,1
"2440",2440,2021,"OKEE",1,12,1
"2441",2441,2021,"OKEE",2,12,1
"2442",2442,2021,"OKEE",2,12,1
"2443",2443,2021,"OKEE",3,12,1
"2444",2444,2021,"OKEE",1,12,1
"2445",2445,2021,"OKEE",3,12,1
"2446",2446,2021,"OKEE",1,12,1
"2447",2447,2021,"OKEE",1,12,1
"2448",2448,2021,"OKEE",2,12,1
"2449",2449,2021,"OKEE",2,12,1
"2450",2450,2021,"OKEE",1,12,1
"2451",2451,2021,"OKEE",2,12,1
"2452",2452,2021,"OKEE",1,12,1
"2453",2453,2021,"OKEE",1,12,1
"2454",2454,2021,"OKEE",1,12,1
"2455",2455,2021,"OKEE",1,12,1
"2456",2456,2021,"OKEE",1,12,1
"2457",2457,2021,"OKEE",2,12,1
"2458",2458,2021,"OKEE",2,12,1
"2459",2459,2021,"OKEE",2,12,1
"2460",2460,2021,"OKEE",2,12,1
"2461",2461,2021,"OKEE",2,12,1
"2462",2462,2021,"OKEE",1,12,1
"2463",2463,2021,"OKEE",1,12,1
"2464",2464,2021,"OKEE",1,12,1
"2465",2465,2021,"OKEE",3,12,1
"2466",2466,2021,"OKEE",3,12,1
"2467",2467,2021,"OKEE",2,12,1
"2468",2468,2021,"OKEE",2,12,1
"2469",2469,2021,"OKEE",2,12,1
"2470",2470,2021,"OKEE",3,12,1
"2471",2471,2021,"OKEE",2,12,1
"2472",2472,2021,"OKEE",2,12,1
"2473",2473,2021,"OKEE",3,12,1
"2474",2474,2021,"OKEE",2,12,1
"2475",2475,2021,"OKEE",2,12,1
"2476",2476,2021,"OKEE",3,12,1
"2477",2477,2021,"OKEE",3,12,1
"2478",2478,2021,"OKEE",2,12,1
"2479",2479,2021,"OKEE",1,12,1
"2480",2480,2021,"OKEE",1,12,1
"2481",2481,2021,"OKEE",1,12,1
"2482",2482,2021,"OKEE",2,12,1
"2483",2483,2021,"OKEE",3,12,1
"2484",2484,2021,"OKEE",2,12,1
"2485",2485,2021,"OKEE",2,12,1
"2486",2486,2021,"OKEE",2,12,1
"2487",2487,2021,"OKEE",2,12,1
"2488",2488,2021,"OKEE",1,12,1
"2489",2489,2021,"OKEE",3,12,1
"2490",2490,2021,"OKEE",2,12,1
"2491",2491,2021,"OKEE",1,12,1
"2492",2492,2021,"OKEE",2,12,1
"2493",2493,2021,"OKEE",3,12,1
"2494",2494,2021,"OKEE",2,12,1
"2495",2495,2021,"OKEE",2,12,1
"2496",2496,2021,"OKEE",3,12,1
"2497",2497,2021,"OKEE",2,12,1
"2498",2498,2021,"OKEE",3,12,1
"2499",2499,2021,"OKEE",1,12,1
"2500",2500,2021,"OKEE",1,12,1
"2501",2501,2021,"OKEE",2,12,1
"2502",2502,2021,"OKEE",2,12,1
"2503",2503,2021,"PP",1,3,1
"2504",2504,2021,"PP",2,3,1
"2505",2505,2021,"SJM",1,6,1
"2506",2506,2021,"SJM",1,6,1
"2507",2507,2021,"SJM",3,6,1
"2508",2508,2021,"SJM",1,6,1
"2509",2509,2021,"SJM",1,6,1
"2510",2510,2021,"SJM",1,6,1
"2511",2511,2021,"SJM",1,6,1
"2512",2512,2022,"EAST",2,7,1
"2513",2513,2022,"EAST",1,7,1
"2514",2514,2022,"EAST",2,7,1
"2515",2515,2022,"EAST",2,7,1
"2516",2516,2022,"EAST",1,7,1
"2517",2517,2022,"EAST",1,7,1
"2518",2518,2022,"KRV",1,18,1
"2519",2519,2022,"KRV",1,18,1
"2520",2520,2022,"KRV",2,18,1
"2521",2521,2022,"KRV",3,18,1
"2522",2522,2022,"KRV",1,18,1
"2523",2523,2022,"KRV",1,18,1
"2524",2524,2022,"KRV",2,18,1
"2525",2525,2022,"KRV",2,18,1
"2526",2526,2022,"KRV",1,18,1
"2527",2527,2022,"KRV",1,18,1
"2528",2528,2022,"KRV",1,18,1
"2529",2529,2022,"KRV",2,18,1
"2530",2530,2022,"KRV",2,18,1
"2531",2531,2022,"KRV",3,18,1
"2532",2532,2022,"KRV",3,18,1
"2533",2533,2022,"KRV",2,18,1
"2534",2534,2022,"KRV",2,18,1
"2535",2535,2022,"KRV",2,18,1
"2536",2536,2022,"KRV",1,18,1
"2537",2537,2022,"KRV",2,18,1
"2538",2538,2022,"KRV",1,18,1
"2539",2539,2022,"OKEE",1,13,1
"2540",2540,2022,"OKEE",1,13,1
"2541",2541,2022,"OKEE",2,13,1
"2542",2542,2022,"OKEE",2,13,1
"2543",2543,2022,"OKEE",2,13,1
"2544",2544,2022,"OKEE",2,13,1
"2545",2545,2022,"OKEE",1,13,1
"2546",2546,2022,"OKEE",2,13,1
"2547",2547,2022,"OKEE",1,13,1
"2548",2548,2022,"OKEE",1,13,1
"2549",2549,2022,"OKEE",1,13,1
"2550",2550,2022,"OKEE",1,13,1
"2551",2551,2022,"OKEE",3,13,1
"2552",2552,2022,"OKEE",2,13,1
"2553",2553,2022,"OKEE",2,13,1
"2554",2554,2022,"OKEE",3,13,1
"2555",2555,2022,"OKEE",2,13,1
"2556",2556,2022,"OKEE",1,13,1
"2557",2557,2022,"OKEE",1,13,1
"2558",2558,2022,"OKEE",1,13,1
"2559",2559,2022,"OKEE",3,13,1
"2560",2560,2022,"OKEE",1,13,1
"2561",2561,2022,"OKEE",2,13,1
"2562",2562,2022,"OKEE",1,13,1
"2563",2563,2022,"OKEE",2,13,1
"2564",2564,2022,"OKEE",3,13,1
"2565",2565,2022,"OKEE",1,13,1
"2566",2566,2022,"OKEE",1,13,1
"2567",2567,2022,"OKEE",3,13,1
"2568",2568,2022,"OKEE",2,13,1
"2569",2569,2022,"OKEE",1,13,1
"2570",2570,2022,"PP",2,4,1
"2571",2571,2022,"PP",2,4,1
"2572",2572,2022,"PP",3,4,1
"2573",2573,2022,"PP",2,4,1
"2574",2574,2022,"PP",2,4,1
"2575",2575,2022,"PP",1,4,1
"2576",2576,2022,"PP",4,4,1
"2577",2577,2022,"PP",3,4,1
"2578",2578,2022,"PP",4,4,1
"2579",2579,2022,"PP",3,4,1
"2580",2580,2022,"PP",1,4,1
"2581",2581,2022,"PP",3,4,1
"2582",2582,2022,"PP",3,4,1
"2583",2583,2022,"PP",3,4,1
"2584",2584,2022,"PP",1,4,1
"2585",2585,2022,"PP",1,4,1
"2586",2586,2022,"PP",3,4,1
"2587",2587,2022,"PP",1,4,1
"2588",2588,2022,"PP",3,4,1
"2589",2589,2022,"PP",2,4,1
"2590",2590,2022,"PP",3,4,1
"2591",2591,2022,"PP",2,4,1
"2592",2592,2022,"PP",1,4,1
"2593",2593,2022,"PP",2,4,1
"2594",2594,2022,"PP",2,4,1
"2595",2595,2022,"PP",3,4,1
"2596",2596,2022,"PP",3,4,1
"2597",2597,2022,"PP",3,4,1
"2598",2598,2022,"PP",2,4,1
"2599",2599,2022,"PP",2,4,1
"2600",2600,2022,"PP",2,4,1
"2601",2601,2022,"PP",1,4,1
"2602",2602,2022,"PP",2,4,1
"2603",2603,2022,"PP",3,4,1
"2604",2604,2022,"PP",3,4,1
"2605",2605,2022,"PP",1,4,1
"2606",2606,2022,"PP",2,4,1
"2607",2607,2022,"PP",2,4,1
"2608",2608,2022,"PP",3,4,1
"2609",2609,2022,"PP",3,4,1
"2610",2610,2022,"PP",3,4,1
"2611",2611,2022,"PP",2,4,1
"2612",2612,2022,"PP",2,4,1
"2613",2613,2022,"PP",3,4,1
"2614",2614,2022,"PP",2,4,1
"2615",2615,2022,"PP",2,4,1
"2616",2616,2022,"PP",2,4,1
"2617",2617,2022,"PP",2,4,1
"2618",2618,2022,"PP",3,4,1
"2619",2619,2022,"PP",3,4,1
"2620",2620,2022,"PP",3,4,1
"2621",2621,2022,"PP",3,4,1
"2622",2622,2022,"PP",1,4,1
"2623",2623,2022,"PP",3,4,1
"2624",2624,2022,"PP",2,4,1
"2625",2625,2022,"PP",2,4,1
"2626",2626,2022,"PP",2,4,1
"2627",2627,2022,"PP",1,4,1
"2628",2628,2022,"PP",2,4,1
"2629",2629,2022,"PP",4,4,1
"2630",2630,2022,"PP",2,4,1
"2631",2631,2022,"PP",1,4,1
"2632",2632,2022,"PP",3,4,1
"2633",2633,2022,"PP",1,4,1
"2634",2634,2022,"PP",3,4,1
"2635",2635,2022,"PP",3,4,1
"2636",2636,2022,"PP",3,4,1
"2637",2637,2022,"PP",3,4,1
"2638",2638,2022,"PP",2,4,1
"2639",2639,2022,"PP",2,4,1
"2640",2640,2022,"PP",2,4,1
"2641",2641,2022,"PP",2,4,1
"2642",2642,2022,"PP",2,4,1
"2643",2643,2022,"PP",1,4,1
"2644",2644,2022,"PP",3,4,1
"2645",2645,2022,"PP",3,4,1
"2646",2646,2022,"PP",3,4,1
"2647",2647,2022,"PP",3,4,1
"2648",2648,2022,"PP",4,4,1
"2649",2649,2022,"PP",2,4,1
"2650",2650,2022,"PP",3,4,1
"2651",2651,2022,"PP",2,4,1
"2652",2652,2022,"PP",2,4,1
"2653",2653,2022,"PP",2,4,1
"2654",2654,2022,"PP",2,4,1
"2655",2655,2022,"PP",1,4,1
"2656",2656,2022,"PP",1,4,1
"2657",2657,2022,"PP",2,4,1
"2658",2658,2022,"PP",1,4,1
"2659",2659,2022,"PP",3,4,1
"2660",2660,2022,"PP",2,4,1
"2661",2661,2022,"PP",2,4,1
"2662",2662,2022,"PP",3,4,1
"2663",2663,2022,"PP",3,4,1
"2664",2664,2022,"PP",2,4,1
"2665",2665,2022,"PP",2,4,1
"2666",2666,2022,"PP",1,4,1
"2667",2667,2022,"PP",3,4,1
"2668",2668,2022,"PP",3,4,1
"2669",2669,2022,"PP",3,4,1
"2670",2670,2022,"PP",3,4,1
"2671",2671,2022,"PP",2,4,1
"2672",2672,2022,"PP",3,4,1
"2673",2673,2022,"PP",3,4,1
"2674",2674,2022,"PP",2,4,1
"2675",2675,2022,"PP",3,4,1
"2676",2676,2022,"PP",3,4,1
"2677",2677,2022,"PP",4,4,1
"2678",2678,2022,"PP",3,4,1
"2679",2679,2022,"PP",2,4,1
"2680",2680,2022,"PP",4,4,1
"2681",2681,2022,"PP",2,4,1
"2682",2682,2022,"PP",1,4,1
"2683",2683,2022,"PP",2,4,1
"2684",2684,2022,"PP",4,4,1
"2685",2685,2022,"SJM",2,7,1
"2686",2686,2022,"SJM",1,7,1
"2687",2687,2022,"SJM",1,7,1
"2688",2688,2022,"SJM",2,7,1
"2689",2689,2022,"SJM",2,7,1
"2690",2690,2022,"SJM",1,7,1
"2691",2691,2023,"KRV",1,19,1
"2692",2692,2023,"KRV",1,19,1
"2693",2693,2023,"KRV",2,19,1
"2694",2694,2023,"KRV",3,19,1
"2695",2695,2023,"KRV",3,19,1
"2696",2696,2023,"KRV",2,19,1
"2697",2697,2023,"KRV",2,19,1
"2698",2698,2023,"KRV",2,19,1
"2699",2699,2023,"KRV",2,19,1
"2700",2700,2023,"KRV",2,19,1
"2701",2701,2023,"KRV",1,19,1
"2702",2702,2023,"KRV",2,19,1
"2703",2703,2023,"KRV",1,19,1
"2704",2704,2023,"KRV",1,19,1
"2705",2705,2023,"KRV",1,19,1
"2706",2706,2023,"KRV",1,19,1
"2707",2707,2023,"KRV",2,19,1
"2708",2708,2023,"KRV",2,19,1
"2709",2709,2023,"KRV",2,19,1
"2710",2710,2023,"KRV",2,19,1
"2711",2711,2023,"KRV",2,19,1
"2712",2712,2023,"KRV",2,19,1
"2713",2713,2023,"KRV",2,19,1
"2714",2714,2023,"KRV",3,19,1
"2715",2715,2023,"KRV",1,19,1
"2716",2716,2023,"KRV",1,19,1
"2717",2717,2023,"KRV",2,19,1
"2718",2718,2023,"KRV",1,19,1
"2719",2719,2023,"OKEE",1,14,1
"2720",2720,2023,"OKEE",1,14,1
"2721",2721,2023,"OKEE",1,14,1
"2722",2722,2023,"OKEE",2,14,1
"2723",2723,2023,"OKEE",2,14,1
"2724",2724,2023,"OKEE",3,14,1
"2725",2725,2023,"OKEE",2,14,1
"2726",2726,2023,"OKEE",1,14,1
"2727",2727,2023,"OKEE",1,14,1
"2728",2728,2023,"OKEE",1,14,1
"2729",2729,2023,"OKEE",2,14,1
"2730",2730,2023,"OKEE",1,14,1
"2731",2731,2023,"OKEE",3,14,1
"2732",2732,2023,"OKEE",3,14,1
"2733",2733,2023,"OKEE",2,14,1
"2734",2734,2023,"OKEE",1,14,1
"2735",2735,2023,"OKEE",2,14,1
"2736",2736,2023,"OKEE",1,14,1
"2737",2737,2023,"OKEE",1,14,1
"2738",2738,2023,"OKEE",1,14,1
"2739",2739,2023,"OKEE",2,14,1
"2740",2740,2023,"OKEE",2,14,1
"2741",2741,2023,"OKEE",2,14,1
"2742",2742,2023,"OKEE",2,14,1
"2743",2743,2023,"OKEE",2,14,1
"2744",2744,2023,"OKEE",2,14,1
"2745",2745,2023,"OKEE",3,14,1
"2746",2746,2023,"OKEE",1,14,1
"2747",2747,2023,"OKEE",2,14,1
"2748",2748,2023,"OKEE",1,14,1
"2749",2749,2023,"OKEE",2,14,1
"2750",2750,2023,"OKEE",2,14,1
"2751",2751,2023,"OKEE",2,14,1
"2752",2752,2023,"OKEE",2,14,1
"2753",2753,2023,"OKEE",2,14,1
"2754",2754,2023,"OKEE",1,14,1
"2755",2755,2023,"OKEE",1,14,1
"2756",2756,2023,"OKEE",3,14,1
"2757",2757,2023,"OKEE",1,14,1
"2758",2758,2023,"OKEE",2,14,1
"2759",2759,2023,"OKEE",1,14,1
"2760",2760,2023,"OKEE",1,14,1
"2761",2761,2023,"OKEE",1,14,1
"2762",2762,2023,"OKEE",2,14,1
"2763",2763,2023,"OKEE",3,14,1
"2764",2764,2023,"OKEE",2,14,1
"2765",2765,2023,"OKEE",1,14,1
"2766",2766,2023,"OKEE",2,14,1
"2767",2767,2023,"OKEE",2,14,1
"2768",2768,2023,"OKEE",2,14,1
"2769",2769,2023,"OKEE",2,14,1
"2770",2770,2023,"OKEE",2,14,1
"2771",2771,2023,"OKEE",2,14,1
"2772",2772,2023,"OKEE",1,14,1
"2773",2773,2023,"OKEE",1,14,1
"2774",2774,2023,"OKEE",3,14,1
"2775",2775,2023,"OKEE",2,14,1
"2776",2776,2023,"OKEE",3,14,1
"2777",2777,2023,"OKEE",1,14,1
"2778",2778,2023,"OKEE",2,14,1
"2779",2779,2023,"OKEE",1,14,1
"2780",2780,2023,"OKEE",1,14,1
"2781",2781,2023,"OKEE",3,14,1
"2782",2782,2023,"OKEE",2,14,1
"2783",2783,2023,"PP",2,5,1
"2784",2784,2023,"PP",1,5,1
"2785",2785,2023,"PP",1,5,1
"2786",2786,2023,"PP",2,5,1
"2787",2787,2023,"PP",1,5,1
"2788",2788,2023,"PP",1,5,1
"2789",2789,2023,"PP",1,5,1
